province,province_id,district,district_id,ward,ward_id,ward_level,area,pop_density,population,children_0_14,female_15_54,male_15_59,elders,no_household,no_household_w_home
Thanh pho Ha Noi,1,Quan Ba Dinh,1,Phuong Phuc Xa,1,Phuong,0.894,24.562,"21,946","1,238","7,796","8,321","4,591","5,863","5,855"
Thanh pho Ha Noi,1,Quan Ba Dinh,1,Phuong Truc Bach,4,Phuong,0.506,13.962,"7,065",320,"2,301","2,475","1,969","1,948","1,948"
Thanh pho Ha Noi,1,Quan Ba Dinh,1,Phuong Vinh Phuc,6,Phuong,0.715,33.376,"23,867","1,486","8,557","8,997","4,827","6,314","6,298"
Thanh pho Ha Noi,1,Quan Ba Dinh,1,Phuong Cong Vi,7,Phuong,0.538,29.723,"15,979",856,"5,577","5,983","3,563","4,357","4,349"
Thanh pho Ha Noi,1,Quan Ba Dinh,1,Phuong Lieu Giai,8,Phuong,0.681,30.974,"21,084","1,153","7,400","7,819","4,712","5,639","5,637"
Thanh pho Ha Noi,1,Quan Ba Dinh,1,Phuong Nguyen Trung Truc,10,Phuong,0.161,47.739,"7,705",377,"2,651","2,661","2,016","2,127","2,127"
Thanh pho Ha Noi,1,Quan Ba Dinh,1,Phuong Quan Thanh,13,Phuong,0.778,10.188,"7,923",351,"2,404","2,918","2,250","2,078","2,076"
Thanh pho Ha Noi,1,Quan Ba Dinh,1,Phuong Ngoc Ha,16,Phuong,0.824,23.483,"19,357",944,"6,784","7,129","4,500","5,257","5,214"
Thanh pho Ha Noi,1,Quan Ba Dinh,1,Phuong Dien Bien,19,Phuong,0.942,9.464,"8,912",416,"2,907","3,097","2,492","2,463","2,458"
Thanh pho Ha Noi,1,Quan Ba Dinh,1,Phuong Doi Can,22,Phuong,0.405,35.503,"14,375",714,"4,939","5,091","3,631","3,812","3,806"
Thanh pho Ha Noi,1,Quan Ba Dinh,1,Phuong Ngoc Khanh,25,Phuong,1.016,20.038,"20,363","1,101","7,384","7,398","4,480","5,847","5,839"
Thanh pho Ha Noi,1,Quan Ba Dinh,1,Phuong Kim Ma,28,Phuong,0.486,29.327,"14,259",694,"5,039","5,142","3,384","4,029","4,018"
Thanh pho Ha Noi,1,Quan Ba Dinh,1,Phuong Giang Vo,31,Phuong,0.62,28.497,"17,665",829,"6,440","6,609","3,787","5,183","5,182"
Thanh pho Ha Noi,1,Quan Ba Dinh,1,Phuong Thanh Cong,34,Phuong,0.642,33.302,"21,393","1,145","7,898","7,862","4,488","6,342","6,323"
Thanh pho Ha Noi,1,Quan Hoan Kiem,2,Phuong Phuc Tan,37,Phuong,0.76,22.179,"16,856","3,331","4,966","5,531","3,028","4,638","4,628"
Thanh pho Ha Noi,1,Quan Hoan Kiem,2,Phuong Dong Xuan,40,Phuong,0.17,55.288,"9,399","1,639","2,735","2,774","2,251","2,402","2,400"
Thanh pho Ha Noi,1,Quan Hoan Kiem,2,Phuong Hang Ma,43,Phuong,0.15,46.473,"6,971","1,195","1,836","1,962","1,978","1,836","1,834"
Thanh pho Ha Noi,1,Quan Hoan Kiem,2,Phuong Hang Buom,46,Phuong,0.13,41.285,"5,367",895,"1,400","1,577","1,495","1,531","1,529"
Thanh pho Ha Noi,1,Quan Hoan Kiem,2,Phuong Hang Dao,49,Phuong,0.07,77.043,"5,393",863,"1,499","1,530","1,501","1,553","1,553"
Thanh pho Ha Noi,1,Quan Hoan Kiem,2,Phuong Hang Bo,52,Phuong,0.09,58.256,"5,243",916,"1,447","1,444","1,436","1,480","1,476"
Thanh pho Ha Noi,1,Quan Hoan Kiem,2,Phuong Cua Dong,55,Phuong,0.14,44.071,"6,170","1,002","1,668","1,823","1,677","1,802","1,799"
Thanh pho Ha Noi,1,Quan Hoan Kiem,2,Phuong Ly Thai To,58,Phuong,0.23,22.4,"5,152",950,"1,410","1,492","1,300","1,391","1,389"
Thanh pho Ha Noi,1,Quan Hoan Kiem,2,Phuong Hang Bac,61,Phuong,0.09,57.711,"5,194",776,"1,458","1,608","1,352","1,372","1,346"
Thanh pho Ha Noi,1,Quan Hoan Kiem,2,Phuong Hang Gai,64,Phuong,0.09,64.3,"5,787",979,"1,584","1,636","1,588","1,587","1,586"
Thanh pho Ha Noi,1,Quan Hoan Kiem,2,Phuong Chuong Duong,67,Phuong,1.017,22.562,"22,946","4,547","6,669","7,048","4,682","6,554","6,518"
Thanh pho Ha Noi,1,Quan Hoan Kiem,2,Phuong Hang Trong,70,Phuong,0.35,15.783,"5,524",967,"1,464","1,589","1,504","1,397","1,393"
Thanh pho Ha Noi,1,Quan Hoan Kiem,2,Phuong Cua Nam,73,Phuong,0.253,25.277,"6,385","1,093","1,706","1,770","1,816","1,856","1,856"
Thanh pho Ha Noi,1,Quan Hoan Kiem,2,Phuong Hang Bong,76,Phuong,0.18,40.033,"7,206","1,398","2,057","2,081","1,670","1,737","1,726"
Thanh pho Ha Noi,1,Quan Hoan Kiem,2,Phuong Trang Tien,79,Phuong,0.386,12.062,"4,656",864,"1,332","1,230","1,230","1,164","1,163"
Thanh pho Ha Noi,1,Quan Hoan Kiem,2,Phuong Tran Hung Dao,82,Phuong,0.5,14.078,"7,039","1,237","1,943","1,916","1,943","2,025","2,021"
Thanh pho Ha Noi,1,Quan Hoan Kiem,2,Phuong Phan Chu Trinh,85,Phuong,0.406,11.936,"4,846",832,"1,302","1,396","1,316","1,426","1,425"
Thanh pho Ha Noi,1,Quan Hoan Kiem,2,Phuong Hang Bai,88,Phuong,0.276,19.87,"5,484",954,"1,459","1,515","1,556","1,563","1,551"
Thanh pho Ha Noi,1,Quan Tay Ho,3,Phuong Phu Thuong,91,Phuong,6.53,3.993,"26,071","6,493","7,465","7,670","4,443","6,666","6,620"
Thanh pho Ha Noi,1,Quan Tay Ho,3,Phuong Nhat Tan,94,Phuong,3.759,4.149,"15,597","3,598","4,524","4,751","2,724","4,554","4,554"
Thanh pho Ha Noi,1,Quan Tay Ho,3,Phuong Tu Lien,97,Phuong,2.91,6.31,"18,360","4,095","5,185","5,508","3,572","4,799","4,777"
Thanh pho Ha Noi,1,Quan Tay Ho,3,Phuong Quang An,100,Phuong,3.779,2.723,"10,290","2,094","2,777","2,945","2,474","2,609","2,606"
Thanh pho Ha Noi,1,Quan Tay Ho,3,Phuong Xuan La,103,Phuong,2.402,11.45,"27,500","6,233","8,517","8,689","4,061","7,740","7,726"
Thanh pho Ha Noi,1,Quan Tay Ho,3,Phuong Yen Phu,106,Phuong,1.472,15.832,"23,301","4,786","6,424","6,804","5,287","6,183","6,160"
Thanh pho Ha Noi,1,Quan Tay Ho,3,Phuong Buoi,109,Phuong,1.484,16.702,"24,778","5,015","6,782","7,163","5,818","6,507","6,485"
Thanh pho Ha Noi,1,Quan Tay Ho,3,Phuong Thuy Khue,112,Phuong,2.057,7.095,"14,598","2,874","4,026","4,157","3,541","4,015","4,005"
Thanh pho Ha Noi,1,Quan Long Bien,4,Phuong Thuong Thanh,115,Phuong,4.586,6.31,"28,936","7,451","8,164","8,722","4,599","7,899","7,878"
Thanh pho Ha Noi,1,Quan Long Bien,4,Phuong Ngoc Thuy,118,Phuong,8.77,4.511,"39,565","10,075","11,105","11,838","6,547","10,134","10,117"
Thanh pho Ha Noi,1,Quan Long Bien,4,Phuong Giang Bien,121,Phuong,4.345,5.596,"24,315","7,436","6,898","6,867","3,114","6,633","6,623"
Thanh pho Ha Noi,1,Quan Long Bien,4,Phuong Duc Giang,124,Phuong,2.507,11.047,"27,694","6,649","7,753","8,270","5,022","7,403","7,383"
Thanh pho Ha Noi,1,Quan Long Bien,4,Phuong Viet Hung,127,Phuong,3.744,5.976,"22,375","6,123","6,344","6,518","3,390","5,849","5,834"
Thanh pho Ha Noi,1,Quan Long Bien,4,Phuong Gia Thuy,130,Phuong,1.424,10.587,"15,076","3,708","4,293","4,303","2,772","4,105","4,100"
Thanh pho Ha Noi,1,Quan Long Bien,4,Phuong Ngoc Lam,133,Phuong,1.196,20.003,"23,923","5,178","6,674","7,012","5,059","6,364","6,355"
Thanh pho Ha Noi,1,Quan Long Bien,4,Phuong Phuc Loi,136,Phuong,6.263,3.037,"19,019","5,166","5,345","5,608","2,900","5,174","5,165"
Thanh pho Ha Noi,1,Quan Long Bien,4,Phuong Bo De,139,Phuong,3.679,8.553,"31,466","7,431","9,025","9,353","5,657","8,346","8,273"
Thanh pho Ha Noi,1,Quan Long Bien,4,Phuong Sai Dong,142,Phuong,0.859,20.553,"17,655","4,410","4,910","5,200","3,135","4,690","4,678"
Thanh pho Ha Noi,1,Quan Long Bien,4,Phuong Long Bien,145,Phuong,7.879,2.796,"22,028","5,979","6,348","6,635","3,066","5,904","5,866"
Thanh pho Ha Noi,1,Quan Long Bien,4,Phuong Thach Ban,148,Phuong,5.185,5.097,"26,427","7,027","7,764","8,182","3,454","7,459","7,434"
Thanh pho Ha Noi,1,Quan Long Bien,4,Phuong Phuc Dong,151,Phuong,4.535,3.134,"14,211","3,872","4,094","4,221","2,024","3,798","3,788"
Thanh pho Ha Noi,1,Quan Long Bien,4,Phuong Cu Khoi,154,Phuong,4.849,2.033,"9,859","2,645","2,747","2,907","1,560","2,477","2,467"
Thanh pho Ha Noi,1,Quan Cau Giay,5,Phuong Nghia Do,157,Phuong,1.342,25.805,"34,636","7,469","10,010","10,482","6,675","9,700","9,682"
Thanh pho Ha Noi,1,Quan Cau Giay,5,Phuong Nghia Tan,160,Phuong,0.573,38.015,"21,794","5,032","6,648","6,165","3,949","5,950","5,937"
Thanh pho Ha Noi,1,Quan Cau Giay,5,Phuong Mai Dich,163,Phuong,1.998,20.28,"40,511","6,822","15,848","13,385","4,456","13,223","13,196"
Thanh pho Ha Noi,1,Quan Cau Giay,5,Phuong Dich Vong,166,Phuong,1.353,20.87,"28,226","6,531","9,125","8,635","3,935","8,634","8,630"
Thanh pho Ha Noi,1,Quan Cau Giay,5,Phuong Dich Vong Hau,167,Phuong,1.605,19.649,"31,541","5,442","13,187","9,132","3,780","8,356","8,341"
Thanh pho Ha Noi,1,Quan Cau Giay,5,Phuong Quan Hoa,169,Phuong,0.889,39.264,"34,886","5,621","12,808","12,086","4,371","12,637","12,634"
Thanh pho Ha Noi,1,Quan Cau Giay,5,Phuong Yen Hoa,172,Phuong,2.062,22.683,"46,766","10,222","14,795","14,701","7,048","13,962","13,747"
Thanh pho Ha Noi,1,Quan Cau Giay,5,Phuong Trung Hoa,175,Phuong,2.496,21.706,"54,176","11,630","18,687","16,271","7,588","16,934","16,923"
Thanh pho Ha Noi,1,Quan Dong Da,6,Phuong Cat Linh,178,Phuong,0.367,30.477,"11,185","2,023","3,112","3,338","2,712","3,131","3,131"
Thanh pho Ha Noi,1,Quan Dong Da,6,Phuong Van Mieu,181,Phuong,0.291,32.832,"9,554","1,762","2,616","2,710","2,466","2,870","2,869"
Thanh pho Ha Noi,1,Quan Dong Da,6,Phuong Quoc Tu Giam,184,Phuong,0.19,42.563,"8,087","1,436","2,328","2,336","1,987","2,351","2,348"
Thanh pho Ha Noi,1,Quan Dong Da,6,Phuong Lang Thuong,187,Phuong,1.225,31.978,"39,173","5,753","16,411","11,742","5,267","13,358","13,334"
Thanh pho Ha Noi,1,Quan Dong Da,6,Phuong O Cho Dua,190,Phuong,1.132,30.07,"34,039","6,518","10,227","9,699","7,595","8,988","8,983"
Thanh pho Ha Noi,1,Quan Dong Da,6,Phuong Van Chuong,193,Phuong,0.334,49.743,"16,614","2,961","4,790","4,962","3,901","5,017","5,017"
Thanh pho Ha Noi,1,Quan Dong Da,6,Phuong Hang Bot,196,Phuong,0.315,58.333,"18,375","3,590","5,206","5,405","4,174","5,175","5,173"
Thanh pho Ha Noi,1,Quan Dong Da,6,Phuong Lang Ha,199,Phuong,0.968,30.885,"29,897","5,597","9,251","9,036","6,013","8,341","8,337"
Thanh pho Ha Noi,1,Quan Dong Da,6,Phuong Kham Thien,202,Phuong,0.183,52.432,"9,595","1,853","2,516","2,761","2,465","2,628","2,623"
Thanh pho Ha Noi,1,Quan Dong Da,6,Phuong Tho Quan,205,Phuong,0.29,59.993,"17,398","3,249","4,962","5,132","4,055","4,790","4,789"
Thanh pho Ha Noi,1,Quan Dong Da,6,Phuong Nam Dong,208,Phuong,0.411,35.818,"14,721","2,979","4,189","4,165","3,388","4,268","4,253"
Thanh pho Ha Noi,1,Quan Dong Da,6,Phuong Trung Phung,211,Phuong,0.236,70.369,"16,607","3,174","4,823","5,040","3,570","4,821","4,821"
Thanh pho Ha Noi,1,Quan Dong Da,6,Phuong Quang Trung,214,Phuong,0.411,35.119,"14,434","2,337","5,562","3,942","2,593","3,667","3,664"
Thanh pho Ha Noi,1,Quan Dong Da,6,Phuong Trung Liet,217,Phuong,0.764,34.52,"26,373","4,686","8,268","8,126","5,293","6,898","6,891"
Thanh pho Ha Noi,1,Quan Dong Da,6,Phuong Phuong Lien,220,Phuong,0.438,38.863,"17,022","3,232","4,821","5,114","3,855","5,042","5,033"
Thanh pho Ha Noi,1,Quan Dong Da,6,Phuong Thinh Quang,223,Phuong,0.448,40.627,"18,201","3,514","5,475","5,408","3,804","5,266","5,262"
Thanh pho Ha Noi,1,Quan Dong Da,6,Phuong Trung Tu,226,Phuong,0.418,31.299,"13,083","2,080","4,614","4,051","2,338","3,087","3,087"
Thanh pho Ha Noi,1,Quan Dong Da,6,Phuong Kim Lien,229,Phuong,0.338,41.692,"14,092","2,875","4,094","4,075","3,048","4,067","4,066"
Thanh pho Ha Noi,1,Quan Dong Da,6,Phuong Phuong Mai,232,Phuong,0.617,32.308,"19,934","4,407","5,694","5,684","4,149","5,715","5,715"
Thanh pho Ha Noi,1,Quan Dong Da,6,Phuong Nga Tu So,235,Phuong,0.234,32.705,"7,653","1,536","2,283","2,300","1,534","2,420","2,419"
Thanh pho Ha Noi,1,Quan Dong Da,6,Phuong Khuong Thuong,238,Phuong,0.339,45.926,"15,569","2,782","4,970","4,932","2,885","4,872","4,842"
Thanh pho Ha Noi,1,Quan Hai Ba Trung,7,Phuong Nguyen Du,241,Phuong,0.37,16.157,"5,978","1,015","1,567","1,834","1,562","1,608","1,608"
Thanh pho Ha Noi,1,Quan Hai Ba Trung,7,Phuong Bach Dang,244,Phuong,1.099,18.009,"19,795","3,550","5,669","6,076","4,500","5,327","5,323"
Thanh pho Ha Noi,1,Quan Hai Ba Trung,7,Phuong Pham Dinh Ho,247,Phuong,0.301,22.669,"6,812","1,231","1,865","1,907","1,809","2,121","2,120"
Thanh pho Ha Noi,1,Quan Hai Ba Trung,7,Phuong Bui Thi Xuan,250,Phuong,0.141,27.212,"3,826",628,946,"1,052","1,200","1,212","1,212"
Thanh pho Ha Noi,1,Quan Hai Ba Trung,7,Phuong Ngo Thi Nham,253,Phuong,0.192,26.137,"5,013",828,"1,260","1,344","1,581","1,540","1,540"
Thanh pho Ha Noi,1,Quan Hai Ba Trung,7,Phuong Le Dai Hanh,256,Phuong,0.868,9.75,"8,464","1,591","2,263","2,276","2,334","2,449","2,449"
Thanh pho Ha Noi,1,Quan Hai Ba Trung,7,Phuong Dong Nhan,259,Phuong,0.149,58.205,"8,690","1,618","2,655","2,409","2,008","2,467","2,466"
Thanh pho Ha Noi,1,Quan Hai Ba Trung,7,Phuong Pho Hue,262,Phuong,0.202,44.42,"8,955","1,612","2,426","2,599","2,318","2,531","2,527"
Thanh pho Ha Noi,1,Quan Hai Ba Trung,7,Phuong Dong Mac,265,Phuong,0.153,56.59,"8,647","1,634","2,373","2,433","2,207","2,473","2,472"
Thanh pho Ha Noi,1,Quan Hai Ba Trung,7,Phuong Thanh Luong,268,Phuong,1.571,15.79,"24,812","4,998","6,992","7,308","5,514","7,040","7,039"
Thanh pho Ha Noi,1,Quan Hai Ba Trung,7,Phuong Thanh Nhan,271,Phuong,0.736,28.764,"21,170","4,135","5,985","6,363","4,687","6,052","6,045"
Thanh pho Ha Noi,1,Quan Hai Ba Trung,7,Phuong Cau Den,274,Phuong,0.17,69.558,"11,797","2,137","3,330","3,812","2,518","3,080","3,077"
Thanh pho Ha Noi,1,Quan Hai Ba Trung,7,Phuong Bach Khoa,277,Phuong,0.521,26.76,"13,950","1,858","4,464","5,293","2,335","2,785","2,772"
Thanh pho Ha Noi,1,Quan Hai Ba Trung,7,Phuong Dong Tam,280,Phuong,0.514,38.843,"19,973","2,932","7,076","6,467","3,498","4,511","4,509"
Thanh pho Ha Noi,1,Quan Hai Ba Trung,7,Phuong Vinh Tuy,283,Phuong,1.602,32.229,"51,644","12,063","15,216","15,000","9,365","14,934","14,899"
Thanh pho Ha Noi,1,Quan Hai Ba Trung,7,Phuong Bach Mai,286,Phuong,0.256,63.392,"16,241","3,064","4,586","4,981","3,610","4,472","4,471"
Thanh pho Ha Noi,1,Quan Hai Ba Trung,7,Phuong Quynh Mai,289,Phuong,0.168,70.98,"11,946","2,465","3,379","3,455","2,647","3,588","3,588"
Thanh pho Ha Noi,1,Quan Hai Ba Trung,7,Phuong Quynh Loi,292,Phuong,0.253,58.493,"14,787","2,957","4,089","4,487","3,254","4,204","4,195"
Thanh pho Ha Noi,1,Quan Hai Ba Trung,7,Phuong Minh Khai,295,Phuong,0.472,41.996,"19,822","4,130","5,670","5,924","4,098","5,651","5,646"
Thanh pho Ha Noi,1,Quan Hai Ba Trung,7,Phuong Truong Dinh,298,Phuong,0.52,40.869,"21,264","3,895","6,244","6,782","4,343","6,178","6,139"
Thanh pho Ha Noi,1,Quan Hoang Mai,8,Phuong Thanh Tri,301,Phuong,3.85,6.522,"25,110","6,160","7,198","8,164","3,588","7,465","7,444"
Thanh pho Ha Noi,1,Quan Hoang Mai,8,Phuong Vinh Hung,304,Phuong,1.75,22.087,"38,652","9,902","11,701","12,246","4,803","11,380","11,354"
Thanh pho Ha Noi,1,Quan Hoang Mai,8,Phuong Dinh Cong,307,Phuong,2.76,17.634,"48,671","12,128","14,296","15,127","7,120","13,882","13,848"
Thanh pho Ha Noi,1,Quan Hoang Mai,8,Phuong Mai Dong,310,Phuong,0.82,59.715,"48,966","11,099","14,968","14,695","8,204","13,982","13,972"
Thanh pho Ha Noi,1,Quan Hoang Mai,8,Phuong Tuong Mai,313,Phuong,2.75,10.307,"28,344","6,070","8,238","8,484","5,552","8,280","8,264"
Thanh pho Ha Noi,1,Quan Hoang Mai,8,Phuong Dai Kim,316,Phuong,0.51,95.108,"48,505","13,738","14,553","14,784","5,430","13,986","13,980"
Thanh pho Ha Noi,1,Quan Hoang Mai,8,Phuong Tan Mai,319,Phuong,0.74,33.139,"24,523","5,554","6,944","7,351","4,674","6,785","6,784"
Thanh pho Ha Noi,1,Quan Hoang Mai,8,Phuong Hoang Van Thu,322,Phuong,1.72,22.959,"39,489","7,951","11,959","13,225","6,354","12,660","12,650"
Thanh pho Ha Noi,1,Quan Hoang Mai,8,Phuong Giap Bat,325,Phuong,0.6,27.708,"16,625","3,241","4,875","5,377","3,132","4,757","4,750"
Thanh pho Ha Noi,1,Quan Hoang Mai,8,Phuong Linh Nam,328,Phuong,5.57,5.548,"30,900","8,266","8,937","9,735","3,962","8,768","8,708"
Thanh pho Ha Noi,1,Quan Hoang Mai,8,Phuong Thinh Liet,331,Phuong,3.16,12.749,"40,286","9,983","11,729","12,929","5,645","11,924","11,850"
Thanh pho Ha Noi,1,Quan Hoang Mai,8,Phuong Tran Phu,334,Phuong,3.78,3.744,"14,152","3,849","4,019","4,203","2,081","4,053","4,044"
Thanh pho Ha Noi,1,Quan Hoang Mai,8,Phuong Hoang Liet,337,Phuong,4.87,16.19,"78,845","23,076","24,331","24,303","7,135","22,186","22,152"
Thanh pho Ha Noi,1,Quan Hoang Mai,8,Phuong Yen So,340,Phuong,7.44,3.129,"23,279","6,373","6,741","7,225","2,940","6,610","6,506"
Thanh pho Ha Noi,1,Quan Thanh Xuan,9,Phuong Nhan Chinh,343,Phuong,1.608,31.899,"51,306","10,489","17,043","16,207","7,567","14,710","14,590"
Thanh pho Ha Noi,1,Quan Thanh Xuan,9,Phuong Thuong Dinh,346,Phuong,0.665,43.641,"29,021","6,113","8,969","8,643","5,296","8,341","8,338"
Thanh pho Ha Noi,1,Quan Thanh Xuan,9,Phuong Khuong Trung,349,Phuong,0.737,48.429,"35,687","7,357","11,030","10,934","6,366","10,258","10,256"
Thanh pho Ha Noi,1,Quan Thanh Xuan,9,Phuong Khuong Mai,352,Phuong,1.066,20.526,"21,885","4,623","6,211","6,283","4,768","5,394","5,390"
Thanh pho Ha Noi,1,Quan Thanh Xuan,9,Phuong Thanh Xuan Trung,355,Phuong,1.085,28.923,"31,370","7,838","9,632","9,240","4,660","9,157","9,103"
Thanh pho Ha Noi,1,Quan Thanh Xuan,9,Phuong Phuong Liet,358,Phuong,0.938,26.255,"24,619","4,902","7,330","7,690","4,697","6,825","6,806"
Thanh pho Ha Noi,1,Quan Thanh Xuan,9,Phuong Ha Dinh,361,Phuong,0.692,26.161,"18,111","3,951","5,612","5,801","2,747","5,280","5,262"
Thanh pho Ha Noi,1,Quan Thanh Xuan,9,Phuong Khuong Dinh,364,Phuong,1.3,27.135,"35,286","8,417","10,840","11,346","4,683","10,316","10,193"
Thanh pho Ha Noi,1,Quan Thanh Xuan,9,Phuong Thanh Xuan Bac,367,Phuong,0.476,43.383,"20,659","4,270","6,907","6,051","3,431","5,458","5,450"
Thanh pho Ha Noi,1,Quan Thanh Xuan,9,Phuong Thanh Xuan Nam,370,Phuong,0.308,40.337,"12,436","2,422","4,155","3,921","1,938","3,507","3,505"
Thanh pho Ha Noi,1,Quan Thanh Xuan,9,Phuong Kim Giang,373,Phuong,0.214,61.507,"13,144","3,352","3,804","3,786","2,202","3,735","3,732"
Thanh pho Ha Noi,1,Huyen Soc Son,16,Thi tran Soc Son,376,Thi tran,0.937,5.176,"4,849","1,266","1,309","1,409",865,"1,250","1,248"
Thanh pho Ha Noi,1,Huyen Soc Son,16,Xa Bac Son,379,Xa,30.054,0.566,"17,017","4,719","4,771","5,388","2,139","4,281","4,244"
Thanh pho Ha Noi,1,Huyen Soc Son,16,Xa Minh Tri,382,Xa,23.892,0.616,"14,729","4,047","4,215","4,576","1,891","3,792","3,684"
Thanh pho Ha Noi,1,Huyen Soc Son,16,Xa Hong Ky,385,Xa,14.38,0.873,"12,559","3,342","3,531","3,765","1,921","3,120","3,077"
Thanh pho Ha Noi,1,Huyen Soc Son,16,Xa Nam Son,388,Xa,24.416,0.386,"9,422","2,519","2,659","2,905","1,339","2,347","2,333"
Thanh pho Ha Noi,1,Huyen Soc Son,16,Xa Trung Gia,391,Xa,8.671,1.699,"14,732","3,919","4,182","4,427","2,204","3,762","3,688"
Thanh pho Ha Noi,1,Huyen Soc Son,16,Xa Tan Hung,394,Xa,9.158,1.25,"11,448","2,828","3,275","3,608","1,737","2,626","2,606"
Thanh pho Ha Noi,1,Huyen Soc Son,16,Xa Minh Phu,397,Xa,17.975,0.747,"13,430","3,587","3,831","4,205","1,807","3,355","3,347"
Thanh pho Ha Noi,1,Huyen Soc Son,16,Xa Phu Linh,400,Xa,14.045,0.876,"12,308","3,283","3,628","3,596","1,801","3,005","2,961"
Thanh pho Ha Noi,1,Huyen Soc Son,16,Xa Bac Phu,403,Xa,11.341,1.02,"11,572","3,028","3,194","3,716","1,634","2,716","2,703"
Thanh pho Ha Noi,1,Huyen Soc Son,16,Xa Tan Minh,406,Xa,12.469,1.44,"17,953","4,630","4,688","6,147","2,488","4,307","4,275"
Thanh pho Ha Noi,1,Huyen Soc Son,16,Xa Quang Tien,409,Xa,12.977,0.874,"11,339","3,332","3,197","3,489","1,321","2,861","2,856"
Thanh pho Ha Noi,1,Huyen Soc Son,16,Xa Hien Ninh,412,Xa,13.137,0.996,"13,081","3,741","3,663","4,005","1,672","3,195","3,167"
Thanh pho Ha Noi,1,Huyen Soc Son,16,Xa Tan Dan,415,Xa,10.305,1.5,"15,462","4,459","4,238","4,706","2,059","3,780","3,748"
Thanh pho Ha Noi,1,Huyen Soc Son,16,Xa Tien Duoc,418,Xa,13.111,1.473,"19,313","5,478","5,522","5,720","2,593","4,794","4,750"
Thanh pho Ha Noi,1,Huyen Soc Son,16,Xa Viet Long,421,Xa,7.325,1.246,"9,130","2,474","2,534","2,895","1,227","1,906","1,881"
Thanh pho Ha Noi,1,Huyen Soc Son,16,Xa Xuan Giang,424,Xa,9.204,1.164,"10,710","2,734","3,036","3,370","1,570","2,602","2,588"
Thanh pho Ha Noi,1,Huyen Soc Son,16,Xa Mai Dinh,427,Xa,15.145,1.446,"21,899","6,145","6,118","6,828","2,808","5,107","5,066"
Thanh pho Ha Noi,1,Huyen Soc Son,16,Xa Duc Hoa,430,Xa,7.357,1.214,"8,929","2,397","2,463","2,806","1,263","1,978","1,966"
Thanh pho Ha Noi,1,Huyen Soc Son,16,Xa Thanh Xuan,433,Xa,8.592,1.688,"14,503","4,033","4,070","4,431","1,969","3,373","3,345"
Thanh pho Ha Noi,1,Huyen Soc Son,16,Xa Dong Xuan,436,Xa,7.137,1.959,"13,983","3,877","3,842","4,229","2,035","3,350","3,329"
Thanh pho Ha Noi,1,Huyen Soc Son,16,Xa Kim Lu,439,Xa,5.305,2.098,"11,131","3,160","3,000","3,536","1,435","2,496","2,431"
Thanh pho Ha Noi,1,Huyen Soc Son,16,Xa Phu Cuong,442,Xa,8.473,1.667,"14,124","3,935","4,015","4,320","1,854","3,515","3,482"
Thanh pho Ha Noi,1,Huyen Soc Son,16,Xa Phu Minh,445,Xa,7.474,1.464,"10,943","2,924","3,040","3,347","1,632","2,663","2,642"
Thanh pho Ha Noi,1,Huyen Soc Son,16,Xa Phu Lo,448,Xa,6.251,2.795,"17,471","4,561","4,885","5,396","2,629","4,371","4,350"
Thanh pho Ha Noi,1,Huyen Soc Son,16,Xa Xuan Thu,451,Xa,5.63,2.024,"11,395","3,149","3,246","3,632","1,368","2,420","2,382"
Thanh pho Ha Noi,1,Huyen Dong Anh,17,Thi tran Dong Anh,454,Thi tran,4.6,5.494,"25,274","6,464","2,784","4,371","11,655","6,748","6,738"
Thanh pho Ha Noi,1,Huyen Dong Anh,17,Xa Xuan Non,457,Xa,10.89,1.516,"16,511","4,386","2,504","3,171","6,450","4,054","4,037"
Thanh pho Ha Noi,1,Huyen Dong Anh,17,Xa Thuy Lam,460,Xa,11.25,1.786,"20,089","5,486","2,946","3,700","7,957","4,909","4,847"
Thanh pho Ha Noi,1,Huyen Dong Anh,17,Xa Bac Hong,463,Xa,7.23,1.913,"13,831","3,587","2,036","2,597","5,611","3,368","3,308"
Thanh pho Ha Noi,1,Huyen Dong Anh,17,Xa Nguyen Khe,466,Xa,7.89,2.026,"15,982","4,115","2,374","3,128","6,365","3,923","3,883"
Thanh pho Ha Noi,1,Huyen Dong Anh,17,Xa Nam Hong,469,Xa,9.16,1.753,"16,062","4,332","2,355","3,116","6,259","4,019","3,992"
Thanh pho Ha Noi,1,Huyen Dong Anh,17,Xa Tien Duong,472,Xa,10.09,1.885,"19,017","4,955","2,760","3,714","7,588","4,685","4,653"
Thanh pho Ha Noi,1,Huyen Dong Anh,17,Xa Van Ha,475,Xa,5.27,2.14,"11,277","3,185","1,771","2,129","4,192","2,703","2,703"
Thanh pho Ha Noi,1,Huyen Dong Anh,17,Xa Uy No,478,Xa,7.61,2.82,"21,464","5,568","3,073","4,372","8,451","5,685","5,655"
Thanh pho Ha Noi,1,Huyen Dong Anh,17,Xa Van Noi,481,Xa,6.51,1.972,"12,836","3,328","2,001","2,678","4,829","3,381","3,354"
Thanh pho Ha Noi,1,Huyen Dong Anh,17,Xa Lien Ha,484,Xa,8.2,2.164,"17,741","4,535","2,645","3,344","7,217","4,359","4,330"
Thanh pho Ha Noi,1,Huyen Dong Anh,17,Xa Viet Hung,487,Xa,8.68,2.268,"19,689","5,112","3,167","4,072","7,338","5,420","5,399"
Thanh pho Ha Noi,1,Huyen Dong Anh,17,Xa Kim No,490,Xa,6.48,2.26,"14,644","3,910","2,197","2,755","5,782","3,617","3,571"
Thanh pho Ha Noi,1,Huyen Dong Anh,17,Xa Kim Chung,493,Xa,7.62,4.175,"31,817","6,397","5,557","12,685","7,178","13,406","13,391"
Thanh pho Ha Noi,1,Huyen Dong Anh,17,Xa Duc Tu,496,Xa,8.68,2.08,"18,057","4,458","2,498","3,240","7,861","4,400","4,373"
Thanh pho Ha Noi,1,Huyen Dong Anh,17,Xa Dai Mach,499,Xa,8.42,1.972,"16,602","4,115","2,861","4,446","5,180","5,073","5,052"
Thanh pho Ha Noi,1,Huyen Dong Anh,17,Xa Vinh Ngoc,502,Xa,9.55,1.665,"15,905","4,167","2,422","3,093","6,223","3,820","3,797"
Thanh pho Ha Noi,1,Huyen Dong Anh,17,Xa Co Loa,505,Xa,8.4,2.338,"19,639","4,931","2,657","3,511","8,540","4,973","4,890"
Thanh pho Ha Noi,1,Huyen Dong Anh,17,Xa Hai Boi,508,Xa,8.28,2.524,"20,901","5,578","3,745","5,442","6,136","6,325","6,304"
Thanh pho Ha Noi,1,Huyen Dong Anh,17,Xa Xuan Canh,511,Xa,6.3,1.93,"12,159","3,063","1,611","2,223","5,262","3,121","3,089"
Thanh pho Ha Noi,1,Huyen Dong Anh,17,Xa Vong La,514,Xa,6.48,2.192,"14,206","3,133","2,423","4,550","4,100","5,094","5,090"
Thanh pho Ha Noi,1,Huyen Dong Anh,17,Xa Tam Xa,517,Xa,4.59,1.102,"5,058","1,215",691,915,"2,237","1,163","1,142"
Thanh pho Ha Noi,1,Huyen Dong Anh,17,Xa Mai Lam,520,Xa,6.19,2.292,"14,185","3,396","1,969","2,905","5,915","3,987","3,914"
Thanh pho Ha Noi,1,Huyen Dong Anh,17,Xa Dong Hoi,523,Xa,7.25,1.766,"12,803","3,356","1,571","2,170","5,706","3,102","3,071"
Thanh pho Ha Noi,1,Huyen Gia Lam,18,Thi tran Yen Vien,526,Thi tran,0.977,12.975,"12,679","3,007","3,425","3,877","2,370","3,278","3,278"
Thanh pho Ha Noi,1,Huyen Gia Lam,18,Xa Yen Thuong,529,Xa,8.671,2.064,"17,894","4,391","4,899","5,478","3,126","4,739","4,715"
Thanh pho Ha Noi,1,Huyen Gia Lam,18,Xa Yen Vien,532,Xa,3.736,3.692,"13,794","3,271","3,876","4,162","2,485","3,888","3,861"
Thanh pho Ha Noi,1,Huyen Gia Lam,18,Xa Ninh Hiep,535,Xa,4.922,3.65,"17,965","5,110","4,825","5,503","2,527","4,697","4,697"
Thanh pho Ha Noi,1,Huyen Gia Lam,18,Xa Dinh Xuyen,538,Xa,3.083,3.646,"11,240","2,868","3,126","3,522","1,724","3,032","3,032"
Thanh pho Ha Noi,1,Huyen Gia Lam,18,Xa Duong Ha,541,Xa,2.709,2.662,"7,211","1,770","1,962","2,204","1,275","2,057","2,057"
Thanh pho Ha Noi,1,Huyen Gia Lam,18,Xa Phu Dong,544,Xa,11.822,1.158,"13,686","3,164","3,726","4,078","2,718","3,965","3,965"
Thanh pho Ha Noi,1,Huyen Gia Lam,18,Xa Trung Mau,547,Xa,4.303,1.369,"5,890","1,468","1,593","1,794","1,035","1,763","1,763"
Thanh pho Ha Noi,1,Huyen Gia Lam,18,Xa Le Chi,550,Xa,8.251,1.505,"12,419","2,762","4,128","3,677","1,852","3,610","3,610"
Thanh pho Ha Noi,1,Huyen Gia Lam,18,Xa Co Bi,553,Xa,4.813,3.19,"15,354","4,569","4,214","4,361","2,210","4,724","4,697"
Thanh pho Ha Noi,1,Huyen Gia Lam,18,Xa Dang Xa,556,Xa,6.031,3.457,"20,849","6,697","5,816","5,950","2,386","5,683","5,663"
Thanh pho Ha Noi,1,Huyen Gia Lam,18,Xa Phu Thi,559,Xa,5.09,1.819,"9,257","2,209","2,578","2,869","1,601","2,878","2,871"
Thanh pho Ha Noi,1,Huyen Gia Lam,18,Xa Kim Son,562,Xa,6.318,2.131,"13,465","3,121","3,980","4,175","2,189","3,492","3,450"
Thanh pho Ha Noi,1,Huyen Gia Lam,18,Thi tran Trau Quy,565,Thi tran,7.185,4.479,"32,180","5,025","12,810","11,384","2,961","13,836","13,831"
Thanh pho Ha Noi,1,Huyen Gia Lam,18,Xa Duong Quang,568,Xa,5.684,2.309,"13,126","3,419","3,588","4,017","2,102","3,502","3,460"
Thanh pho Ha Noi,1,Huyen Gia Lam,18,Xa Duong Xa,571,Xa,4.947,2.819,"13,947","3,406","3,904","4,374","2,263","3,973","3,843"
Thanh pho Ha Noi,1,Huyen Gia Lam,18,Xa Dong Du,574,Xa,3.772,1.652,"6,231","1,651","1,698","1,794","1,088","1,912","1,912"
Thanh pho Ha Noi,1,Huyen Gia Lam,18,Xa Da Ton,577,Xa,7.396,1.79,"13,239","3,091","3,663","4,087","2,398","3,648","3,647"
Thanh pho Ha Noi,1,Huyen Gia Lam,18,Xa Kieu Ky,580,Xa,5.875,2.221,"13,051","3,200","3,689","4,110","2,052","4,199","4,191"
Thanh pho Ha Noi,1,Huyen Gia Lam,18,Xa Bat Trang,583,Xa,1.781,4.842,"8,622","1,930","2,416","2,694","1,582","2,373","2,360"
Thanh pho Ha Noi,1,Huyen Gia Lam,18,Xa Kim Lan,586,Xa,2.701,2.349,"6,346","1,367","1,850","2,054","1,075","1,734","1,734"
Thanh pho Ha Noi,1,Huyen Gia Lam,18,Xa Van Duc,589,Xa,6.645,1.152,"7,657","1,795","2,103","2,395","1,364","2,035","2,035"
Thanh pho Ha Noi,1,Quan Nam Tu Liem,19,Phuong Cau Dien,592,Phuong,1.455,17.931,"26,089","7,030","8,176","7,887","2,996","7,920","7,887"
Thanh pho Ha Noi,1,Quan Nam Tu Liem,19,Phuong Xuan Phuong,622,Phuong,2.929,5.836,"17,095","4,509","4,827","5,814","1,945","5,147","5,055"
Thanh pho Ha Noi,1,Quan Nam Tu Liem,19,Phuong Phuong Canh,623,Phuong,2.427,7.453,"18,089","3,718","5,208","7,599","1,564","7,527","7,522"
Thanh pho Ha Noi,1,Quan Nam Tu Liem,19,Phuong My Dinh 1,625,Phuong,2.368,11.464,"27,147","5,898","9,239","9,734","2,276","9,435","9,277"
Thanh pho Ha Noi,1,Quan Nam Tu Liem,19,Phuong My Dinh 2,626,Phuong,1.961,16.424,"32,207","7,191","11,889","10,282","2,845","8,224","8,220"
Thanh pho Ha Noi,1,Quan Nam Tu Liem,19,Phuong Tay Mo,628,Phuong,6.302,4.046,"25,497","7,615","7,146","7,567","3,169","7,075","7,009"
Thanh pho Ha Noi,1,Quan Nam Tu Liem,19,Phuong Me Tri,631,Phuong,4.462,6.855,"30,589","7,939","9,522","9,757","3,371","9,373","9,269"
Thanh pho Ha Noi,1,Quan Nam Tu Liem,19,Phuong Phu Do,632,Phuong,2.458,6.238,"15,334","4,209","4,671","5,224","1,230","4,618","4,573"
Thanh pho Ha Noi,1,Quan Nam Tu Liem,19,Phuong Dai Mo,634,Phuong,5.136,6.018,"30,906","8,756","8,789","9,774","3,587","8,814","8,636"
Thanh pho Ha Noi,1,Quan Nam Tu Liem,19,Phuong Trung Van,637,Phuong,2.694,15.328,"41,293","9,112","14,240","13,192","4,749","13,000","12,951"
Thanh pho Ha Noi,1,Huyen Thanh Tri,20,Thi tran Van Dien,640,Thi tran,0.905,18.522,"16,762","4,167","4,598","5,095","2,902","4,555","4,550"
Thanh pho Ha Noi,1,Huyen Thanh Tri,20,Xa Tan Trieu,643,Xa,2.994,11.689,"34,996","7,877","10,945","12,325","3,849","11,733","11,733"
Thanh pho Ha Noi,1,Huyen Thanh Tri,20,Xa Thanh Liet,646,Xa,3.492,5.472,"19,107","4,947","5,628","6,248","2,284","5,370","5,370"
Thanh pho Ha Noi,1,Huyen Thanh Tri,20,Xa Ta Thanh Oai,649,Xa,8.093,4.88,"39,492","11,648","11,514","12,333","3,997","11,397","11,366"
Thanh pho Ha Noi,1,Huyen Thanh Tri,20,Xa Huu Hoa,652,Xa,2.963,3.867,"11,457","3,127","3,273","3,661","1,396","3,290","3,280"
Thanh pho Ha Noi,1,Huyen Thanh Tri,20,Xa Tam Hiep,655,Xa,3.2,5.171,"16,546","4,399","4,670","5,291","2,186","4,967","4,951"
Thanh pho Ha Noi,1,Huyen Thanh Tri,20,Xa Tu Hiep,658,Xa,4.217,4.605,"19,420","5,494","5,539","5,903","2,484","5,528","5,509"
Thanh pho Ha Noi,1,Huyen Thanh Tri,20,Xa Yen My,661,Xa,3.841,1.54,"5,915","1,286","1,693","1,756","1,180","1,783","1,759"
Thanh pho Ha Noi,1,Huyen Thanh Tri,20,Xa Vinh Quynh,664,Xa,6.427,4.201,"26,997","6,912","7,679","8,535","3,871","7,087","7,055"
Thanh pho Ha Noi,1,Huyen Thanh Tri,20,Xa Ngu Hiep,667,Xa,3.244,4.818,"15,628","3,857","4,421","4,917","2,433","4,133","4,112"
Thanh pho Ha Noi,1,Huyen Thanh Tri,20,Xa Duyen Ha,670,Xa,2.764,2.254,"6,230","1,684","1,691","1,848","1,007","1,885","1,877"
Thanh pho Ha Noi,1,Huyen Thanh Tri,20,Xa Ngoc Hoi,673,Xa,3.805,3.472,"13,212","3,588","3,732","4,094","1,798","3,914","3,904"
Thanh pho Ha Noi,1,Huyen Thanh Tri,20,Xa Van Phuc,676,Xa,5.291,2.514,"13,300","3,407","3,694","4,123","2,076","3,788","3,756"
Thanh pho Ha Noi,1,Huyen Thanh Tri,20,Xa Dai ang,679,Xa,5.252,2.185,"11,477","2,824","3,280","3,792","1,581","3,230","3,220"
Thanh pho Ha Noi,1,Huyen Thanh Tri,20,Xa Lien Ninh,682,Xa,4.233,3.808,"16,121","4,352","4,383","4,829","2,557","4,668","4,622"
Thanh pho Ha Noi,1,Huyen Thanh Tri,20,Xa Dong My,685,Xa,2.77,3.28,"9,085","2,175","2,508","2,814","1,588","2,784","2,776"
Thanh pho Ha Noi,1,Quan Bac Tu Liem,21,Phuong Thuong Cat,595,Phuong,4.159,1.941,"8,074","1,965","2,231","2,551","1,327","2,367","2,355"
Thanh pho Ha Noi,1,Quan Bac Tu Liem,21,Phuong Lien Mac,598,Phuong,6.39,1.648,"10,529","2,818","2,928","3,247","1,536","2,882","2,864"
Thanh pho Ha Noi,1,Quan Bac Tu Liem,21,Phuong Dong Ngac,601,Phuong,2.528,9.575,"24,206","6,835","7,208","7,281","2,882","7,285","7,275"
Thanh pho Ha Noi,1,Quan Bac Tu Liem,21,Phuong Duc Thang,602,Phuong,1.196,16.217,"19,395","2,431","9,276","5,977","1,711","7,488","7,481"
Thanh pho Ha Noi,1,Quan Bac Tu Liem,21,Phuong Thuy Phuong,604,Phuong,2.934,4.556,"13,367","3,260","3,847","4,184","2,076","4,039","4,036"
Thanh pho Ha Noi,1,Quan Bac Tu Liem,21,Phuong Tay Tuu,607,Phuong,5.529,3.657,"20,221","4,388","6,456","6,927","2,450","5,857","5,836"
Thanh pho Ha Noi,1,Quan Bac Tu Liem,21,Phuong Xuan Dinh,610,Phuong,3.52,11.462,"40,345","10,744","11,919","12,190","5,492","12,140","12,025"
Thanh pho Ha Noi,1,Quan Bac Tu Liem,21,Phuong Xuan Tao,611,Phuong,2.258,8.135,"18,368","4,545","5,733","5,613","2,477","5,715","5,712"
Thanh pho Ha Noi,1,Quan Bac Tu Liem,21,Phuong Minh Khai,613,Phuong,5.128,5.803,"29,760","5,029","9,299","12,962","2,470","11,297","11,278"
Thanh pho Ha Noi,1,Quan Bac Tu Liem,21,Phuong Co Nhue 1,616,Phuong,2.315,19.915,"46,104","10,789","15,053","15,163","5,099","14,727","14,703"
Thanh pho Ha Noi,1,Quan Bac Tu Liem,21,Phuong Co Nhue 2,617,Phuong,4.136,10.278,"42,510","8,991","13,127","15,872","4,520","14,574","14,536"
Thanh pho Ha Noi,1,Quan Bac Tu Liem,21,Phuong Phu Dien,619,Phuong,2.846,13.883,"39,512","9,479","12,979","13,132","3,922","12,985","12,968"
Thanh pho Ha Noi,1,Quan Bac Tu Liem,21,Phuong Phuc Dien,620,Phuong,2.38,9.546,"22,719","4,338","7,625","8,666","2,090","9,728","9,685"
Thanh pho Ha Noi,1,Huyen Me Linh,250,Thi tran Chi Dong,8973,Thi tran,4.694,2.718,"12,758","2,702","4,695","4,118","1,243","4,536","4,532"
Thanh pho Ha Noi,1,Huyen Me Linh,250,Xa Dai Thinh,8974,Xa,8.406,1.521,"12,787","3,480","3,628","3,918","1,761","3,208","3,160"
Thanh pho Ha Noi,1,Huyen Me Linh,250,Xa Kim Hoa,8977,Xa,7.615,1.523,"11,599","3,112","3,203","3,523","1,761","3,018","2,980"
Thanh pho Ha Noi,1,Huyen Me Linh,250,Xa Thach Da,8980,Xa,8.063,1.769,"14,267","3,706","3,850","4,363","2,348","3,169","3,125"
Thanh pho Ha Noi,1,Huyen Me Linh,250,Xa Tien Thang,8983,Xa,8.566,1.743,"14,930","3,996","4,105","4,884","1,945","3,311","3,250"
Thanh pho Ha Noi,1,Huyen Me Linh,250,Xa Tu Lap,8986,Xa,6.717,1.807,"12,138","3,198","3,367","3,847","1,726","2,691","2,656"
Thanh pho Ha Noi,1,Huyen Me Linh,250,Thi tran Quang Minh,8989,Thi tran,9.01,2.735,"24,639","6,041","8,148","8,327","2,123","9,207","9,189"
Thanh pho Ha Noi,1,Huyen Me Linh,250,Xa Thanh Lam,8992,Xa,12.576,1.477,"18,580","4,930","5,249","5,786","2,615","4,915","4,895"
Thanh pho Ha Noi,1,Huyen Me Linh,250,Xa Tam Dong,8995,Xa,6.757,1.42,"9,594","2,625","2,696","2,957","1,316","2,436","2,417"
Thanh pho Ha Noi,1,Huyen Me Linh,250,Xa Lien Mac,8998,Xa,8.178,1.923,"15,724","4,093","4,320","4,940","2,371","3,759","3,734"
Thanh pho Ha Noi,1,Huyen Me Linh,250,Xa Van Yen,9001,Xa,3.125,1.659,"5,184","1,355","1,358","1,588",883,"1,205","1,198"
Thanh pho Ha Noi,1,Huyen Me Linh,250,Xa Chu Phan,9004,Xa,8.062,1.31,"10,565","2,735","2,834","3,301","1,695","2,697","2,694"
Thanh pho Ha Noi,1,Huyen Me Linh,250,Xa Tien Thinh,9007,Xa,7.428,1.537,"11,418","2,783","3,066","3,554","2,015","2,739","2,739"
Thanh pho Ha Noi,1,Huyen Me Linh,250,Xa Me Linh,9010,Xa,6.02,2.278,"13,713","3,313","3,930","4,389","2,081","3,554","3,527"
Thanh pho Ha Noi,1,Huyen Me Linh,250,Xa Van Khe,9013,Xa,13.27,1.172,"15,558","4,113","4,360","4,838","2,247","3,978","3,937"
Thanh pho Ha Noi,1,Huyen Me Linh,250,Xa Hoang Kim,9016,Xa,6.1,1.005,"6,132","1,549","1,749","1,918",916,"1,508","1,502"
Thanh pho Ha Noi,1,Huyen Me Linh,250,Xa Tien Phong,9019,Xa,10.582,1.842,"19,493","5,149","5,578","6,061","2,705","5,037","4,986"
Thanh pho Ha Noi,1,Huyen Me Linh,250,Xa Trang Viet,9022,Xa,7.292,1.574,"11,476","2,991","3,177","3,633","1,675","2,838","2,820"
Thanh pho Ha Noi,1,Quan Ha Dong,268,Phuong Nguyen Trai,9538,Phuong,0.421,29.587,"12,459","2,953","3,303","3,465","2,738","3,326","3,324"
Thanh pho Ha Noi,1,Quan Ha Dong,268,Phuong Mo Lao,9541,Phuong,1.305,26.111,"34,072","8,185","10,185","10,605","5,097","9,440","9,428"
Thanh pho Ha Noi,1,Quan Ha Dong,268,Phuong Van Quan,9542,Phuong,1.327,19.889,"26,389","5,930","7,737","8,713","4,009","6,260","6,222"
Thanh pho Ha Noi,1,Quan Ha Dong,268,Phuong Van Phuc,9544,Phuong,1.452,13.002,"18,877","4,969","5,471","5,589","2,848","4,924","4,719"
Thanh pho Ha Noi,1,Quan Ha Dong,268,Phuong Yet Kieu,9547,Phuong,0.21,28.902,"6,081","1,465","1,612","1,754","1,250","1,724","1,723"
Thanh pho Ha Noi,1,Quan Ha Dong,268,Phuong Quang Trung,9550,Phuong,0.806,21.379,"17,242","4,197","4,961","4,828","3,256","4,196","4,193"
Thanh pho Ha Noi,1,Quan Ha Dong,268,Phuong La Khe,9551,Phuong,2.876,13.703,"39,405","11,020","11,631","11,830","4,924","10,806","10,772"
Thanh pho Ha Noi,1,Quan Ha Dong,268,Phuong Phu La,9552,Phuong,1.776,13.533,"24,038","6,700","6,974","7,602","2,762","6,486","6,482"
Thanh pho Ha Noi,1,Quan Ha Dong,268,Phuong Phuc La,9553,Phuong,1.374,23.414,"32,173","9,473","9,093","9,278","4,329","8,940","8,894"
Thanh pho Ha Noi,1,Quan Ha Dong,268,Phuong Ha Cau,9556,Phuong,1.432,15.675,"22,439","6,165","6,532","6,527","3,215","6,096","6,041"
Thanh pho Ha Noi,1,Quan Ha Dong,268,Phuong Yen Nghia,9562,Phuong,7.666,4.021,"30,824","9,270","9,161","9,341","3,052","8,205","8,151"
Thanh pho Ha Noi,1,Quan Ha Dong,268,Phuong Kien Hung,9565,Phuong,4.266,8.058,"34,375","10,523","9,849","10,215","3,788","9,416","9,402"
Thanh pho Ha Noi,1,Quan Ha Dong,268,Phuong Phu Lam,9568,Phuong,2.695,5.793,"15,608","4,606","4,538","4,752","1,712","4,314","4,309"
Thanh pho Ha Noi,1,Quan Ha Dong,268,Phuong Phu Luong,9571,Phuong,6.856,3.922,"26,888","7,891","7,496","8,221","3,280","7,187","7,172"
Thanh pho Ha Noi,1,Quan Ha Dong,268,Phuong Duong Noi,9886,Phuong,6.001,5.377,"32,265","9,255","9,459","9,938","3,613","8,252","8,238"
Thanh pho Ha Noi,1,Quan Ha Dong,268,Phuong Dong Mai,10117,Phuong,6.449,2.538,"16,367","4,396","4,425","5,015","2,531","3,866","3,844"
Thanh pho Ha Noi,1,Quan Ha Dong,268,Phuong Bien Giang,10123,Phuong,2.726,3.064,"8,352","2,312","2,295","2,556","1,189","1,999","1,991"
Thanh pho Ha Noi,1,Thi xa Son Tay,269,Phuong Le Loi,9574,Phuong,0.863,9.24,"7,974","1,701","2,025","2,263","1,985","2,221","2,219"
Thanh pho Ha Noi,1,Thi xa Son Tay,269,Phuong Phu Thinh,9577,Phuong,2.712,3.09,"8,380","2,090","2,306","2,503","1,481","2,202","2,194"
Thanh pho Ha Noi,1,Thi xa Son Tay,269,Phuong Ngo Quyen,9580,Phuong,0.342,16.231,"5,551","1,250","1,381","1,544","1,376","1,599","1,599"
Thanh pho Ha Noi,1,Thi xa Son Tay,269,Phuong Quang Trung,9583,Phuong,0.743,11.083,"8,235","1,801","2,092","2,408","1,934","2,217","2,188"
Thanh pho Ha Noi,1,Thi xa Son Tay,269,Phuong Son Loc,9586,Phuong,1.185,8.213,"9,732","1,982","2,385","3,604","1,761","2,192","2,177"
Thanh pho Ha Noi,1,Thi xa Son Tay,269,Phuong Xuan Khanh,9589,Phuong,4.321,2.323,"10,037","2,280","2,554","3,306","1,897","2,577","2,545"
Thanh pho Ha Noi,1,Thi xa Son Tay,269,Xa Duong Lam,9592,Xa,2.944,3.587,"10,559","2,634","2,784","3,031","2,110","2,621","2,599"
Thanh pho Ha Noi,1,Thi xa Son Tay,269,Phuong Vien Son,9595,Phuong,5.451,1.333,"7,267","1,802","1,931","2,251","1,283","1,915","1,914"
Thanh pho Ha Noi,1,Thi xa Son Tay,269,Xa Xuan Son,9598,Xa,3.55,2.47,"8,769","2,185","2,179","2,922","1,483","2,420","2,412"
Thanh pho Ha Noi,1,Thi xa Son Tay,269,Phuong Trung Hung,9601,Phuong,7.951,1.35,"10,735","2,381","3,244","3,368","1,742","2,519","2,517"
Thanh pho Ha Noi,1,Thi xa Son Tay,269,Xa Thanh My,9604,Xa,14.325,0.778,"11,145","2,914","2,921","3,324","1,986","2,857","2,854"
Thanh pho Ha Noi,1,Thi xa Son Tay,269,Phuong Trung Son Tram,9607,Phuong,10.904,0.83,"9,045","2,133","2,560","3,007","1,345","2,198","2,191"
Thanh pho Ha Noi,1,Thi xa Son Tay,269,Xa Kim Son,9610,Xa,15.658,0.428,"6,696","1,859","1,797","1,936","1,104","1,983","1,972"
Thanh pho Ha Noi,1,Thi xa Son Tay,269,Xa Son Dong,9613,Xa,20.463,0.731,"14,950","3,842","4,210","4,613","2,285","3,896","3,869"
Thanh pho Ha Noi,1,Thi xa Son Tay,269,Xa Co Dong,9616,Xa,26.016,0.645,"16,781","4,724","4,798","4,923","2,336","4,422","4,400"
Thanh pho Ha Noi,1,Huyen Ba Vi,271,Thi tran Tay Dang,9619,Thi tran,12.082,1.29,"15,582","4,346","3,999","4,569","2,668","3,858","3,813"
Thanh pho Ha Noi,1,Huyen Ba Vi,271,Xa Phu Cuong,9625,Xa,9.271,0.568,"5,268","1,154","1,293","1,569","1,252","1,543","1,532"
Thanh pho Ha Noi,1,Huyen Ba Vi,271,Xa Co Do,9628,Xa,8.602,0.955,"8,211","1,767","2,142","2,617","1,685","2,067","2,057"
Thanh pho Ha Noi,1,Huyen Ba Vi,271,Xa Tan Hong,9631,Xa,8.914,1.393,"12,417","2,790","3,182","3,694","2,751","3,303","3,278"
Thanh pho Ha Noi,1,Huyen Ba Vi,271,Xa Van Thang,9634,Xa,9.994,1.546,"15,446","4,388","4,008","4,685","2,365","4,047","4,003"
Thanh pho Ha Noi,1,Huyen Ba Vi,271,Xa Chau Son,9637,Xa,3.592,1.298,"4,661","1,061","1,223","1,458",919,"1,259","1,252"
Thanh pho Ha Noi,1,Huyen Ba Vi,271,Xa Phong Van,9640,Xa,4.818,1.429,"6,887","1,616","1,847","2,087","1,337","1,831","1,812"
Thanh pho Ha Noi,1,Huyen Ba Vi,271,Xa Phu Dong,9643,Xa,3.606,1.417,"5,109","1,302","1,311","1,522",974,"1,349","1,341"
Thanh pho Ha Noi,1,Huyen Ba Vi,271,Xa Phu Phuong,9646,Xa,4.355,1.355,"5,901","1,295","1,536","1,848","1,222","1,509","1,505"
Thanh pho Ha Noi,1,Huyen Ba Vi,271,Xa Phu Chau,9649,Xa,9.914,1.103,"10,938","2,603","2,797","3,431","2,107","2,829","2,820"
Thanh pho Ha Noi,1,Huyen Ba Vi,271,Xa Thai Hoa,9652,Xa,5.634,1.572,"8,855","2,222","2,360","2,709","1,564","2,302","2,276"
Thanh pho Ha Noi,1,Huyen Ba Vi,271,Xa Dong Thai,9655,Xa,8.243,1.53,"12,609","3,560","3,335","3,833","1,881","2,870","2,836"
Thanh pho Ha Noi,1,Huyen Ba Vi,271,Xa Phu Son,9658,Xa,13.744,0.711,"9,769","2,414","2,653","3,113","1,589","2,457","2,448"
Thanh pho Ha Noi,1,Huyen Ba Vi,271,Xa Minh Chau,9661,Xa,5.633,1.043,"5,873","1,585","1,533","1,704","1,051","1,262","1,251"
Thanh pho Ha Noi,1,Huyen Ba Vi,271,Xa Vat Lai,9664,Xa,14.431,0.965,"13,932","4,066","3,658","4,172","2,036","2,969","2,945"
Thanh pho Ha Noi,1,Huyen Ba Vi,271,Xa Chu Minh,9667,Xa,5.065,1.568,"7,940","2,125","2,043","2,386","1,386","1,756","1,746"
Thanh pho Ha Noi,1,Huyen Ba Vi,271,Xa Tong Bat,9670,Xa,8.242,1.219,"10,048","2,419","2,673","3,113","1,843","2,235","2,208"
Thanh pho Ha Noi,1,Huyen Ba Vi,271,Xa Cam Linh,9673,Xa,26.622,0.444,"11,809","3,295","3,006","3,465","2,043","3,156","3,136"
Thanh pho Ha Noi,1,Huyen Ba Vi,271,Xa Son Da,9676,Xa,12.094,0.768,"9,289","2,129","2,503","2,887","1,770","2,196","2,186"
Thanh pho Ha Noi,1,Huyen Ba Vi,271,Xa Dong Quang,9679,Xa,3.82,1.358,"5,186","1,348","1,339","1,582",917,"1,242","1,230"
Thanh pho Ha Noi,1,Huyen Ba Vi,271,Xa Tien Phong,9682,Xa,8.759,0.925,"8,103","2,141","2,149","2,472","1,341","2,182","2,175"
Thanh pho Ha Noi,1,Huyen Ba Vi,271,Xa Thuy An,9685,Xa,16.478,0.587,"9,671","2,575","2,517","2,996","1,583","2,217","2,199"
Thanh pho Ha Noi,1,Huyen Ba Vi,271,Xa Cam Thuong,9688,Xa,8.274,0.884,"7,312","1,868","1,914","2,165","1,365","1,787","1,759"
Thanh pho Ha Noi,1,Huyen Ba Vi,271,Xa Thuan My,9691,Xa,12.406,0.495,"6,139","1,337","1,699","1,999","1,104","1,439","1,439"
Thanh pho Ha Noi,1,Huyen Ba Vi,271,Xa Tan Linh,9694,Xa,27.742,0.55,"15,269","3,994","4,133","4,555","2,587","3,925","3,913"
Thanh pho Ha Noi,1,Huyen Ba Vi,271,Xa Ba Trai,9697,Xa,20.173,0.722,"14,558","3,787","4,041","4,433","2,297","3,446","3,407"
Thanh pho Ha Noi,1,Huyen Ba Vi,271,Xa Minh Quang,9700,Xa,27.909,0.453,"12,635","2,899","3,499","4,054","2,183","3,057","3,054"
Thanh pho Ha Noi,1,Huyen Ba Vi,271,Xa Ba Vi,9703,Xa,25.407,0.09,"2,279",561,659,814,245,522,522
Thanh pho Ha Noi,1,Huyen Ba Vi,271,Xa Van Hoa,9706,Xa,32.914,0.353,"11,618","2,985","3,220","3,769","1,644","2,998","2,980"
Thanh pho Ha Noi,1,Huyen Ba Vi,271,Xa Yen Bai,9709,Xa,35.419,0.25,"8,846","2,213","2,316","3,238","1,079","1,975","1,972"
Thanh pho Ha Noi,1,Huyen Ba Vi,271,Xa Khanh Thuong,9712,Xa,28.848,0.292,"8,420","1,986","2,356","2,765","1,313","1,999","1,992"
Thanh pho Ha Noi,1,Huyen Phuc Tho,272,Thi tran Phuc Tho,9715,Thi tran,3.738,2.333,"8,720","2,251","2,376","2,602","1,491","2,248","2,210"
Thanh pho Ha Noi,1,Huyen Phuc Tho,272,Xa Van Ha,9718,Xa,5.231,0.405,"2,118",540,549,647,382,494,489
Thanh pho Ha Noi,1,Huyen Phuc Tho,272,Xa Van Phuc,9721,Xa,6.335,0.997,"6,314","1,534","1,675","1,849","1,256","1,624","1,605"
Thanh pho Ha Noi,1,Huyen Phuc Tho,272,Xa Van Nam,9724,Xa,5.248,1.238,"6,495","1,484","1,699","1,945","1,367","1,640","1,630"
Thanh pho Ha Noi,1,Huyen Phuc Tho,272,Xa Xuan Phu,9727,Xa,4.902,1.169,"5,732","1,392","1,434","1,697","1,209","1,533","1,529"
Thanh pho Ha Noi,1,Huyen Phuc Tho,272,Xa Phuong Do,9730,Xa,4.26,0.401,"1,710",470,412,458,370,442,440
Thanh pho Ha Noi,1,Huyen Phuc Tho,272,Xa Sen Chieu,9733,Xa,2.339,4.294,"10,042","2,595","2,633","3,083","1,731","2,763","2,737"
Thanh pho Ha Noi,1,Huyen Phuc Tho,272,Xa Cam Dinh,9736,Xa,5.551,0.555,"3,080",733,791,857,699,885,883
Thanh pho Ha Noi,1,Huyen Phuc Tho,272,Xa Vong Xuyen,9739,Xa,7.478,2.284,"17,082","4,302","4,621","5,333","2,826","4,232","4,211"
Thanh pho Ha Noi,1,Huyen Phuc Tho,272,Xa Tho Loc,9742,Xa,6.761,1.302,"8,804","1,986","2,752","2,717","1,349","2,008","1,993"
Thanh pho Ha Noi,1,Huyen Phuc Tho,272,Xa Long Xuyen,9745,Xa,3.259,2.567,"8,366","2,170","2,141","2,475","1,580","2,310","2,283"
Thanh pho Ha Noi,1,Huyen Phuc Tho,272,Xa Thuong Coc,9748,Xa,4.362,1.256,"5,477","1,302","1,471","1,750",954,"1,270","1,269"
Thanh pho Ha Noi,1,Huyen Phuc Tho,272,Xa Hat Mon,9751,Xa,3.804,1.964,"7,470","1,932","1,892","2,113","1,533","1,893","1,887"
Thanh pho Ha Noi,1,Huyen Phuc Tho,272,Xa Tich Giang,9754,Xa,6.203,1.386,"8,600","1,992","2,261","2,551","1,796","2,284","2,260"
Thanh pho Ha Noi,1,Huyen Phuc Tho,272,Xa Thanh Da,9757,Xa,4.152,1.753,"7,280","1,775","1,982","2,265","1,258","1,840","1,811"
Thanh pho Ha Noi,1,Huyen Phuc Tho,272,Xa Trach My Loc,9760,Xa,6.585,1.085,"7,143","1,816","1,856","2,190","1,281","1,794","1,789"
Thanh pho Ha Noi,1,Huyen Phuc Tho,272,Xa Phuc Hoa,9763,Xa,4.465,1.536,"6,856","1,630","1,867","2,140","1,219","1,797","1,794"
Thanh pho Ha Noi,1,Huyen Phuc Tho,272,Xa Ngoc Tao,9766,Xa,5.484,1.569,"8,601","2,182","2,244","2,557","1,618","2,267","2,247"
Thanh pho Ha Noi,1,Huyen Phuc Tho,272,Xa Phung Thuong,9769,Xa,4.943,2.852,"14,099","3,196","4,026","4,448","2,429","3,901","3,876"
Thanh pho Ha Noi,1,Huyen Phuc Tho,272,Xa Tam Thuan,9772,Xa,6.258,1.051,"6,578","1,663","1,760","2,015","1,140","1,674","1,658"
Thanh pho Ha Noi,1,Huyen Phuc Tho,272,Xa Tam Hiep,9775,Xa,5.649,2.178,"12,306","3,371","3,295","3,608","2,032","3,204","3,166"
Thanh pho Ha Noi,1,Huyen Phuc Tho,272,Xa Hiep Thuan,9778,Xa,7.361,1.45,"10,673","2,567","2,939","3,398","1,769","2,766","2,722"
Thanh pho Ha Noi,1,Huyen Phuc Tho,272,Xa Lien Hiep,9781,Xa,4.265,2.457,"10,478","2,680","2,877","3,310","1,611","2,570","2,541"
Thanh pho Ha Noi,1,Huyen Dan Phuong,273,Thi tran Phung,9784,Thi tran,2.634,4.026,"10,605","2,485","2,990","3,184","1,946","2,646","2,619"
Thanh pho Ha Noi,1,Huyen Dan Phuong,273,Xa Trung Chau,9787,Xa,8.076,1.109,"8,959","2,312","2,434","2,738","1,475","2,061","2,011"
Thanh pho Ha Noi,1,Huyen Dan Phuong,273,Xa Tho An,9790,Xa,5.591,2.067,"11,558","2,904","3,192","3,579","1,883","2,609","2,566"
Thanh pho Ha Noi,1,Huyen Dan Phuong,273,Xa Tho Xuan,9793,Xa,4.474,2.363,"10,570","2,553","2,960","3,321","1,736","2,430","2,377"
Thanh pho Ha Noi,1,Huyen Dan Phuong,273,Xa Hong Ha,9796,Xa,9.864,1.27,"12,525","3,033","3,402","3,957","2,133","3,056","3,022"
Thanh pho Ha Noi,1,Huyen Dan Phuong,273,Xa Lien Hong,9799,Xa,5.275,1.501,"7,918","2,035","2,122","2,374","1,387","2,190","2,173"
Thanh pho Ha Noi,1,Huyen Dan Phuong,273,Xa Lien Ha,9802,Xa,3.482,2.57,"8,951","2,382","2,505","2,732","1,332","2,208","2,156"
Thanh pho Ha Noi,1,Huyen Dan Phuong,273,Xa Ha Mo,9805,Xa,3.771,2.328,"8,777","2,089","2,431","2,649","1,608","2,375","2,331"
Thanh pho Ha Noi,1,Huyen Dan Phuong,273,Xa Lien Trung,9808,Xa,4.647,1.743,"8,100","2,085","2,173","2,489","1,353","2,150","2,090"
Thanh pho Ha Noi,1,Huyen Dan Phuong,273,Xa Phuong Dinh,9811,Xa,6.255,2.032,"12,707","2,995","3,510","4,041","2,161","2,932","2,884"
Thanh pho Ha Noi,1,Huyen Dan Phuong,273,Xa Thuong Mo,9814,Xa,3.544,2.629,"9,319","2,414","2,655","2,900","1,350","2,189","2,134"
Thanh pho Ha Noi,1,Huyen Dan Phuong,273,Xa Tan Hoi,9817,Xa,5.547,3.455,"19,164","4,249","5,398","6,116","3,401","5,478","5,438"
Thanh pho Ha Noi,1,Huyen Dan Phuong,273,Xa Tan Lap,9820,Xa,5.72,3.971,"22,711","6,013","6,450","6,896","3,352","6,604","6,526"
Thanh pho Ha Noi,1,Huyen Dan Phuong,273,Xa Dan Phuong,9823,Xa,3.807,2.423,"9,224","2,226","2,505","2,803","1,690","2,486","2,482"
Thanh pho Ha Noi,1,Huyen Dan Phuong,273,Xa Dong Thap,9826,Xa,2.767,3.004,"8,313","2,044","2,247","2,597","1,425","1,966","1,870"
Thanh pho Ha Noi,1,Huyen Dan Phuong,273,Xa Song Phuong,9829,Xa,2.551,1.999,"5,100","1,271","1,433","1,483",913,"1,246","1,224"
Thanh pho Ha Noi,1,Huyen Hoai Duc,274,Thi tran Tram Troi,9832,Thi tran,1.224,5.079,"6,217","1,610","1,789","1,864",954,"1,565","1,533"
Thanh pho Ha Noi,1,Huyen Hoai Duc,274,Xa Duc Thuong,9835,Xa,5.135,2.899,"14,884","4,020","4,227","4,602","2,035","3,820","3,771"
Thanh pho Ha Noi,1,Huyen Hoai Duc,274,Xa Minh Khai,9838,Xa,1.935,3.163,"6,120","1,497","1,718","1,894","1,011","1,461","1,418"
Thanh pho Ha Noi,1,Huyen Hoai Duc,274,Xa Duong Lieu,9841,Xa,4.319,3.088,"13,339","3,186","3,657","4,138","2,358","3,143","3,081"
Thanh pho Ha Noi,1,Huyen Hoai Duc,274,Xa Di Trach,9844,Xa,2.823,3.761,"10,618","2,700","2,874","3,695","1,349","3,204","3,179"
Thanh pho Ha Noi,1,Huyen Hoai Duc,274,Xa Duc Giang,9847,Xa,3.284,3.905,"12,824","3,202","3,622","4,062","1,938","3,417","3,393"
Thanh pho Ha Noi,1,Huyen Hoai Duc,274,Xa Cat Que,9850,Xa,4.282,4.053,"17,356","4,390","4,927","5,675","2,364","4,084","4,035"
Thanh pho Ha Noi,1,Huyen Hoai Duc,274,Xa Kim Chung,9853,Xa,3.877,4.301,"16,677","4,667","4,859","5,057","2,094","4,338","4,319"
Thanh pho Ha Noi,1,Huyen Hoai Duc,274,Xa Yen So,9856,Xa,4.984,2.22,"11,063","2,539","2,994","3,321","2,209","2,839","2,796"
Thanh pho Ha Noi,1,Huyen Hoai Duc,274,Xa Son Dong,9859,Xa,3.453,2.937,"10,141","2,712","2,742","3,129","1,558","2,663","2,590"
Thanh pho Ha Noi,1,Huyen Hoai Duc,274,Xa Van Canh,9862,Xa,4.483,3.175,"14,235","4,098","3,886","4,226","2,025","3,595","3,581"
Thanh pho Ha Noi,1,Huyen Hoai Duc,274,Xa Dac So,9865,Xa,2.006,2.426,"4,868","1,263","1,338","1,473",794,"1,271","1,253"
Thanh pho Ha Noi,1,Huyen Hoai Duc,274,Xa Lai Yen,9868,Xa,3.358,2.298,"7,718","2,079","2,041","2,273","1,325","2,196","2,190"
Thanh pho Ha Noi,1,Huyen Hoai Duc,274,Xa Tien Yen,9871,Xa,3.088,2.265,"6,993","1,732","1,962","2,234","1,065","2,000","1,960"
Thanh pho Ha Noi,1,Huyen Hoai Duc,274,Xa Song Phuong,9874,Xa,5.709,2.337,"13,340","3,403","3,761","4,157","2,019","3,341","3,264"
Thanh pho Ha Noi,1,Huyen Hoai Duc,274,Xa An Khanh,9877,Xa,8.468,4.843,"41,011","11,965","12,061","12,855","4,130","11,437","11,388"
Thanh pho Ha Noi,1,Huyen Hoai Duc,274,Xa An Thuong,9880,Xa,7.846,2.146,"16,838","4,775","4,520","5,145","2,398","4,362","4,327"
Thanh pho Ha Noi,1,Huyen Hoai Duc,274,Xa Van Con,9883,Xa,6.698,2.108,"14,115","3,927","3,959","4,424","1,805","3,670","3,644"
Thanh pho Ha Noi,1,Huyen Hoai Duc,274,Xa La Phu,9889,Xa,3.464,3.425,"11,863","3,055","3,339","3,757","1,712","3,231","3,228"
Thanh pho Ha Noi,1,Huyen Hoai Duc,274,Xa Dong La,9892,Xa,4.494,2.839,"12,758","3,702","3,444","3,807","1,805","3,306","3,267"
Thanh pho Ha Noi,1,Huyen Quoc Oai,275,Xa Dong Xuan,4939,Xa,10.117,0.538,"5,444","1,361","1,585","1,868",630,"1,279","1,279"
Thanh pho Ha Noi,1,Huyen Quoc Oai,275,Thi tran Quoc Oai,9895,Thi tran,2.655,5.458,"14,491","3,684","3,944","4,413","2,450","3,588","3,558"
Thanh pho Ha Noi,1,Huyen Quoc Oai,275,Xa Sai Son,9898,Xa,4.263,4.729,"20,161","5,074","5,486","6,047","3,554","5,464","5,438"
Thanh pho Ha Noi,1,Huyen Quoc Oai,275,Xa Phuong Cach,9901,Xa,5.089,1.253,"6,376","1,877","1,697","1,826",976,"1,710","1,700"
Thanh pho Ha Noi,1,Huyen Quoc Oai,275,Xa Yen Son,9904,Xa,10.994,0.708,"7,780","2,003","2,094","2,339","1,344","2,079","2,062"
Thanh pho Ha Noi,1,Huyen Quoc Oai,275,Xa Ngoc Liep,9907,Xa,2.093,4.317,"9,035","2,262","2,535","2,896","1,342","2,453","2,442"
Thanh pho Ha Noi,1,Huyen Quoc Oai,275,Xa Ngoc My,9910,Xa,5.565,2.162,"12,030","3,053","3,228","3,642","2,107","3,156","3,129"
Thanh pho Ha Noi,1,Huyen Quoc Oai,275,Xa Liep Tuyet,9913,Xa,3.671,1.533,"5,627","1,408","1,494","1,701","1,024","1,464","1,457"
Thanh pho Ha Noi,1,Huyen Quoc Oai,275,Xa Thach Than,9916,Xa,9.858,0.72,"7,101","1,831","1,953","2,181","1,136","2,047","2,044"
Thanh pho Ha Noi,1,Huyen Quoc Oai,275,Xa Dong Quang,9919,Xa,6.387,2.395,"15,297","4,111","4,137","4,702","2,347","4,038","4,014"
Thanh pho Ha Noi,1,Huyen Quoc Oai,275,Xa Phu Cat,9922,Xa,3.938,2.159,"8,503","2,284","2,415","2,723","1,081","2,153","2,145"
Thanh pho Ha Noi,1,Huyen Quoc Oai,275,Xa Tuyet Nghia,9925,Xa,5.144,1.393,"7,167","1,854","1,915","2,180","1,218","1,577","1,566"
Thanh pho Ha Noi,1,Huyen Quoc Oai,275,Xa Nghia Huong,9928,Xa,12.7,0.574,"7,286","1,655","2,086","2,238","1,307","2,017","1,998"
Thanh pho Ha Noi,1,Huyen Quoc Oai,275,Xa Cong Hoa,9931,Xa,18.377,0.407,"7,483","1,674","2,161","2,461","1,187","1,817","1,779"
Thanh pho Ha Noi,1,Huyen Quoc Oai,275,Xa Tan Phu,9934,Xa,11.207,0.525,"5,887","1,598","1,609","1,911",769,"1,378","1,374"
Thanh pho Ha Noi,1,Huyen Quoc Oai,275,Xa Dai Thanh,9937,Xa,8.993,0.735,"6,606","1,892","1,812","2,021",881,"1,642","1,614"
Thanh pho Ha Noi,1,Huyen Quoc Oai,275,Xa Phu Man,9940,Xa,4.462,0.523,"2,332",582,695,762,293,596,595
Thanh pho Ha Noi,1,Huyen Quoc Oai,275,Xa Can Huu,9943,Xa,3.844,2.771,"10,650","2,540","2,901","3,283","1,926","3,054","3,035"
Thanh pho Ha Noi,1,Huyen Quoc Oai,275,Xa Tan Hoa,9946,Xa,2.921,2.808,"8,202","2,017","2,315","2,571","1,299","1,845","1,810"
Thanh pho Ha Noi,1,Huyen Quoc Oai,275,Xa Hoa Thach,9949,Xa,2.698,5.076,"13,696","3,729","3,815","4,189","1,963","3,446","3,439"
Thanh pho Ha Noi,1,Huyen Quoc Oai,275,Xa Dong Yen,9952,Xa,16.153,0.821,"13,258","3,515","3,541","4,062","2,140","3,128","3,118"
Thanh pho Ha Noi,1,Huyen Thach That,276,Xa Yen Trung,4927,Xa,2.976,1.294,"3,850",931,"1,085","1,327",507,941,935
Thanh pho Ha Noi,1,Huyen Thach That,276,Xa Yen Binh,4930,Xa,5.31,1.379,"7,323","1,966","2,018","2,276","1,063","1,833","1,822"
Thanh pho Ha Noi,1,Huyen Thach That,276,Xa Tien Xuan,4936,Xa,4.088,1.86,"7,605","1,945","2,116","2,479","1,065","1,773","1,768"
Thanh pho Ha Noi,1,Huyen Thach That,276,Thi tran Lien Quan,9955,Thi tran,8.783,0.746,"6,552","1,553","1,801","2,032","1,166","1,829","1,822"
Thanh pho Ha Noi,1,Huyen Thach That,276,Xa Dai Dong,9958,Xa,6.225,1.654,"10,294","2,456","2,892","3,129","1,817","2,869","2,852"
Thanh pho Ha Noi,1,Huyen Thach That,276,Xa Cam Yen,9961,Xa,4.78,1.098,"5,247","1,284","1,454","1,655",854,"1,232","1,232"
Thanh pho Ha Noi,1,Huyen Thach That,276,Xa Lai Thuong,9964,Xa,5.048,1.983,"10,009","2,485","2,710","3,132","1,682","2,555","2,545"
Thanh pho Ha Noi,1,Huyen Thach That,276,Xa Phu Kim,9967,Xa,4.62,2.116,"9,777","2,486","2,607","2,918","1,766","2,942","2,926"
Thanh pho Ha Noi,1,Huyen Thach That,276,Xa Huong Ngai,9970,Xa,3.158,2.686,"8,482","2,092","2,196","2,508","1,686","2,444","2,443"
Thanh pho Ha Noi,1,Huyen Thach That,276,Xa Canh Nau,9973,Xa,11.759,1.267,"14,897","3,850","4,134","4,863","2,050","3,490","3,471"
Thanh pho Ha Noi,1,Huyen Thach That,276,Xa Kim Quan,9976,Xa,2.734,3.207,"8,768","2,396","2,299","2,603","1,470","2,360","2,359"
Thanh pho Ha Noi,1,Huyen Thach That,276,Xa Di Nau,9979,Xa,30.57,0.251,"7,682","1,971","2,086","2,435","1,190","1,928","1,916"
Thanh pho Ha Noi,1,Huyen Thach That,276,Xa Binh Yen,9982,Xa,7.173,1.702,"12,210","3,342","3,404","3,715","1,749","3,026","3,005"
Thanh pho Ha Noi,1,Huyen Thach That,276,Xa Chang Son,9985,Xa,1.861,5.386,"10,024","2,721","2,733","3,022","1,548","2,615","2,579"
Thanh pho Ha Noi,1,Huyen Thach That,276,Xa Thach Hoa,9988,Xa,4.655,2.64,"12,290","2,204","3,300","5,625","1,161","2,762","2,747"
Thanh pho Ha Noi,1,Huyen Thach That,276,Xa Can Kiem,9991,Xa,8.496,1.154,"9,807","2,711","2,548","2,877","1,671","2,434","2,428"
Thanh pho Ha Noi,1,Huyen Thach That,276,Xa Huu Bang,9994,Xa,3.356,5.208,"17,477","4,827","4,823","5,360","2,467","4,494","4,477"
Thanh pho Ha Noi,1,Huyen Thach That,276,Xa Phung Xa,9997,Xa,4.957,2.636,"13,069","3,487","3,608","4,099","1,875","3,400","3,332"
Thanh pho Ha Noi,1,Huyen Thach That,276,Xa Tan Xa,10000,Xa,7.112,0.811,"5,765","1,631","1,531","1,704",899,"1,354","1,353"
Thanh pho Ha Noi,1,Huyen Thach That,276,Xa Thach Xa,10003,Xa,6.649,1.137,"7,562","2,027","2,023","2,302","1,210","2,108","2,079"
Thanh pho Ha Noi,1,Huyen Thach That,276,Xa Binh Phu,10006,Xa,15.631,0.851,"13,309","3,601","3,695","4,226","1,787","3,235","3,211"
Thanh pho Ha Noi,1,Huyen Thach That,276,Xa Ha Bang,10009,Xa,16.62,0.435,"7,229","1,802","1,936","2,111","1,380","1,788","1,774"
Thanh pho Ha Noi,1,Huyen Thach That,276,Xa Dong Truc,10012,Xa,20.881,0.351,"7,326","1,723","2,054","2,346","1,203","1,835","1,834"
Thanh pho Ha Noi,1,Huyen Chuong My,277,Thi tran Chuc Son,10015,Thi tran,5.049,2.808,"14,177","3,888","3,847","4,254","2,188","3,227","3,190"
Thanh pho Ha Noi,1,Huyen Chuong My,277,Thi tran Xuan Mai,10018,Thi tran,9.616,2.314,"22,252","5,520","6,434","7,050","3,248","5,586","5,575"
Thanh pho Ha Noi,1,Huyen Chuong My,277,Xa Phung Chau,10021,Xa,5.481,2.36,"12,936","3,257","3,552","4,305","1,822","3,092","3,082"
Thanh pho Ha Noi,1,Huyen Chuong My,277,Xa Tien Phuong,10024,Xa,8.116,2.066,"16,764","4,498","4,452","5,096","2,718","4,085","4,051"
Thanh pho Ha Noi,1,Huyen Chuong My,277,Xa Dong Son,10027,Xa,8.056,1.343,"10,822","2,907","2,919","3,312","1,684","2,510","2,467"
Thanh pho Ha Noi,1,Huyen Chuong My,277,Xa Dong Phuong Yen,10030,Xa,4.792,2.44,"11,693","3,081","3,203","3,684","1,725","2,762","2,730"
Thanh pho Ha Noi,1,Huyen Chuong My,277,Xa Phu Nghia,10033,Xa,4.659,2.57,"11,971","3,242","3,342","3,766","1,621","3,092","3,078"
Thanh pho Ha Noi,1,Huyen Chuong My,277,Xa Truong Yen,10039,Xa,3.371,3.546,"11,954","3,084","3,321","3,758","1,791","2,806","2,794"
Thanh pho Ha Noi,1,Huyen Chuong My,277,Xa Ngoc Hoa,10042,Xa,4.678,1.957,"9,156","2,582","2,484","2,756","1,334","2,362","2,355"
Thanh pho Ha Noi,1,Huyen Chuong My,277,Xa Thuy Xuan Tien,10045,Xa,3.981,4.74,"18,869","5,151","5,170","5,670","2,878","4,761","4,751"
Thanh pho Ha Noi,1,Huyen Chuong My,277,Xa Thanh Binh,10048,Xa,3.189,2.326,"7,417","1,898","1,958","2,344","1,217","1,795","1,792"
Thanh pho Ha Noi,1,Huyen Chuong My,277,Xa Trung Hoa,10051,Xa,7.169,1.591,"11,405","2,941","3,202","3,665","1,597","2,546","2,543"
Thanh pho Ha Noi,1,Huyen Chuong My,277,Xa Dai Yen,10054,Xa,4.879,1.337,"6,523","1,834","1,726","1,916","1,047","1,648","1,642"
Thanh pho Ha Noi,1,Huyen Chuong My,277,Xa Thuy Huong,10057,Xa,4.358,2.206,"9,614","2,625","2,522","2,863","1,604","2,234","2,228"
Thanh pho Ha Noi,1,Huyen Chuong My,277,Xa Tot Dong,10060,Xa,5.873,2.514,"14,766","4,187","3,843","4,644","2,092","3,388","3,375"
Thanh pho Ha Noi,1,Huyen Chuong My,277,Xa Lam Dien,10063,Xa,6.918,1.691,"11,695","3,024","3,133","3,605","1,933","2,991","2,974"
Thanh pho Ha Noi,1,Huyen Chuong My,277,Xa Tan Tien,10066,Xa,8.175,1.393,"11,385","3,112","3,139","3,582","1,552","2,686","2,681"
Thanh pho Ha Noi,1,Huyen Chuong My,277,Xa Nam Phuong Tien,10069,Xa,8.25,1.232,"10,160","2,614","2,782","3,296","1,468","2,317","2,300"
Thanh pho Ha Noi,1,Huyen Chuong My,277,Xa Hop Dong,10072,Xa,6.007,1.181,"7,095","1,847","1,871","2,116","1,261","1,852","1,836"
Thanh pho Ha Noi,1,Huyen Chuong My,277,Xa Hoang Van Thu,10075,Xa,6.619,1.891,"12,516","3,305","3,324","3,874","2,013","3,160","3,151"
Thanh pho Ha Noi,1,Huyen Chuong My,277,Xa Hoang Dieu,10078,Xa,9.136,1.196,"10,924","2,931","2,907","3,412","1,674","2,684","2,675"
Thanh pho Ha Noi,1,Huyen Chuong My,277,Xa Huu Van,10081,Xa,6.453,1.474,"9,509","2,623","2,519","2,941","1,426","2,189","2,170"
Thanh pho Ha Noi,1,Huyen Chuong My,277,Xa Quang Bi,10084,Xa,7.465,1.609,"12,010","3,066","3,206","3,572","2,166","3,084","3,068"
Thanh pho Ha Noi,1,Huyen Chuong My,277,Xa My Luong,10087,Xa,5.306,1.573,"8,347","2,323","2,211","2,536","1,277","2,139","2,116"
Thanh pho Ha Noi,1,Huyen Chuong My,277,Xa Thuong Vuc,10090,Xa,13.731,0.495,"6,803","1,869","1,750","2,087","1,097","1,698","1,683"
Thanh pho Ha Noi,1,Huyen Chuong My,277,Xa Hong Phong,10093,Xa,13.116,0.35,"4,588","1,274","1,166","1,381",767,"1,121","1,114"
Thanh pho Ha Noi,1,Huyen Chuong My,277,Xa Dong Phu,10096,Xa,16.097,0.383,"6,163","1,717","1,637","1,865",944,"1,585","1,573"
Thanh pho Ha Noi,1,Huyen Chuong My,277,Xa Tran Phu,10099,Xa,12.869,0.742,"9,550","2,598","2,526","2,884","1,542","2,446","2,430"
Thanh pho Ha Noi,1,Huyen Chuong My,277,Xa Van Vo,10102,Xa,5.607,1.612,"9,036","2,417","2,398","2,888","1,333","2,136","2,131"
Thanh pho Ha Noi,1,Huyen Chuong My,277,Xa Dong Lac,10105,Xa,7.125,0.765,"5,449","1,483","1,373","1,585","1,008","1,469","1,467"
Thanh pho Ha Noi,1,Huyen Chuong My,277,Xa Hoa Chinh,10108,Xa,16.131,0.442,"7,127","1,840","1,904","2,218","1,165","1,762","1,758"
Thanh pho Ha Noi,1,Huyen Chuong My,277,Xa Phu Nam An,10111,Xa,5.112,0.91,"4,650","1,145","1,210","1,376",919,"1,340","1,335"
Thanh pho Ha Noi,1,Huyen Thanh Oai,278,Thi tran Kim Bai,10114,Thi tran,4.323,1.635,"7,069","1,704","1,892","2,120","2,041","2,041","2,024"
Thanh pho Ha Noi,1,Huyen Thanh Oai,278,Xa Cu Khe,10120,Xa,5.791,2.851,"16,508","5,022","4,837","5,255","5,154","5,154","5,138"
Thanh pho Ha Noi,1,Huyen Thanh Oai,278,Xa Bich Hoa,10126,Xa,5.12,2.248,"11,511","3,053","3,232","3,739","3,315","3,315","3,315"
Thanh pho Ha Noi,1,Huyen Thanh Oai,278,Xa My Hung,10129,Xa,6.33,1.126,"7,126","1,856","1,959","2,245","1,931","1,931","1,917"
Thanh pho Ha Noi,1,Huyen Thanh Oai,278,Xa Cao Vien,10132,Xa,7.19,2.744,"19,726","5,268","5,314","6,024","5,451","5,451","5,400"
Thanh pho Ha Noi,1,Huyen Thanh Oai,278,Xa Binh Minh,10135,Xa,6.736,2.143,"14,435","3,588","3,841","4,506","3,918","3,918","3,886"
Thanh pho Ha Noi,1,Huyen Thanh Oai,278,Xa Tam Hung,10138,Xa,11.058,1.09,"12,051","2,911","3,149","3,584","3,548","3,548","3,490"
Thanh pho Ha Noi,1,Huyen Thanh Oai,278,Xa Thanh Cao,10141,Xa,4.639,2.302,"10,681","2,619","2,871","3,342","2,886","2,886","2,859"
Thanh pho Ha Noi,1,Huyen Thanh Oai,278,Xa Thanh Thuy,10144,Xa,5.309,1.607,"8,531","2,524","2,258","2,642","2,263","2,263","2,261"
Thanh pho Ha Noi,1,Huyen Thanh Oai,278,Xa Thanh Mai,10147,Xa,5.498,2.011,"11,056","2,765","3,079","3,365","3,144","3,144","3,123"
Thanh pho Ha Noi,1,Huyen Thanh Oai,278,Xa Thanh Van,10150,Xa,6.649,1.001,"6,656","1,730","1,782","2,032","1,854","1,854","1,851"
Thanh pho Ha Noi,1,Huyen Thanh Oai,278,Xa Do Dong,10153,Xa,6.329,1.016,"6,432","1,553","1,742","2,018","1,850","1,850","1,849"
Thanh pho Ha Noi,1,Huyen Thanh Oai,278,Xa Kim An,10156,Xa,3.111,1.156,"3,597",834,966,"1,084","1,010","1,010","1,010"
Thanh pho Ha Noi,1,Huyen Thanh Oai,278,Xa Kim Thu,10159,Xa,3.005,1.991,"5,984","1,516","1,600","1,783","1,666","1,666","1,655"
Thanh pho Ha Noi,1,Huyen Thanh Oai,278,Xa Phuong Trung,10162,Xa,4.817,3.41,"16,424","4,266","4,378","4,896","4,718","4,718","4,692"
Thanh pho Ha Noi,1,Huyen Thanh Oai,278,Xa Tan Uoc,10165,Xa,8.702,0.899,"7,826","1,706","2,091","2,408","2,338","2,338","2,328"
Thanh pho Ha Noi,1,Huyen Thanh Oai,278,Xa Dan Hoa,10168,Xa,5.171,1.648,"8,522","2,245","2,189","2,489","2,628","2,628","2,607"
Thanh pho Ha Noi,1,Huyen Thanh Oai,278,Xa Lien Chau,10171,Xa,6.187,1.294,"8,008","2,240","2,125","2,454","2,207","2,207","2,187"
Thanh pho Ha Noi,1,Huyen Thanh Oai,278,Xa Cao Duong,10174,Xa,4.457,2.456,"10,947","2,951","2,880","3,348","2,980","2,980","2,964"
Thanh pho Ha Noi,1,Huyen Thanh Oai,278,Xa Xuan Duong,10177,Xa,3.568,1.652,"5,895","1,561","1,529","1,803","1,709","1,709","1,688"
Thanh pho Ha Noi,1,Huyen Thanh Oai,278,Xa Hong Duong,10180,Xa,9.879,1.219,"12,044","3,093","3,236","3,607","3,360","3,360","3,360"
Thanh pho Ha Noi,1,Huyen Thuong Tin,279,Thi tran Thuong Tin,10183,Thi tran,0.786,7.857,"6,178","1,389","1,916","1,895","1,492","1,492","1,492"
Thanh pho Ha Noi,1,Huyen Thuong Tin,279,Xa Ninh So,10186,Xa,4.859,2.049,"9,956","2,456","2,682","3,001","2,719","2,719","2,690"
Thanh pho Ha Noi,1,Huyen Thuong Tin,279,Xa Nhi Khe,10189,Xa,2.797,2.77,"7,750","2,034","2,093","2,272","2,070","2,070","2,063"
Thanh pho Ha Noi,1,Huyen Thuong Tin,279,Xa Duyen Thai,10192,Xa,4.023,2.992,"12,037","3,179","3,156","3,595","3,391","3,391","3,379"
Thanh pho Ha Noi,1,Huyen Thuong Tin,279,Xa Khanh Ha,10195,Xa,4.759,2.506,"11,925","3,254","3,272","3,652","3,193","3,193","3,154"
Thanh pho Ha Noi,1,Huyen Thuong Tin,279,Xa Hoa Binh,10198,Xa,3.908,1.856,"7,254","1,750","2,006","2,299","1,922","1,922","1,921"
Thanh pho Ha Noi,1,Huyen Thuong Tin,279,Xa Van Binh,10201,Xa,5.18,2.216,"11,478","3,021","3,071","3,376","3,553","3,553","3,535"
Thanh pho Ha Noi,1,Huyen Thuong Tin,279,Xa Hien Giang,10204,Xa,3.242,1.485,"4,815","1,146","1,313","1,527","1,286","1,286","1,286"
Thanh pho Ha Noi,1,Huyen Thuong Tin,279,Xa Hong Van,10207,Xa,4.516,1.382,"6,241","1,681","1,760","1,876","1,960","1,960","1,942"
Thanh pho Ha Noi,1,Huyen Thuong Tin,279,Xa Van Tao,10210,Xa,5.126,2.208,"11,318","2,798","3,198","3,561","3,001","3,001","2,947"
Thanh pho Ha Noi,1,Huyen Thuong Tin,279,Xa Lien Phuong,10213,Xa,2.702,3.178,"8,588","2,107","2,400","2,772","2,352","2,352","2,317"
Thanh pho Ha Noi,1,Huyen Thuong Tin,279,Xa Van Phu,10216,Xa,3.229,2.525,"8,151","2,109","2,341","2,550","2,203","2,203","2,198"
Thanh pho Ha Noi,1,Huyen Thuong Tin,279,Xa Tu Nhien,10219,Xa,6.406,1.503,"9,629","2,341","2,536","2,834","2,629","2,629","2,610"
Thanh pho Ha Noi,1,Huyen Thuong Tin,279,Xa Tien Phong,10222,Xa,4.822,2.128,"10,264","2,846","2,799","3,138","2,966","2,966","2,958"
Thanh pho Ha Noi,1,Huyen Thuong Tin,279,Xa Ha Hoi,10225,Xa,3.984,2.665,"10,618","2,614","2,898","3,110","2,977","2,977","2,971"
Thanh pho Ha Noi,1,Huyen Thuong Tin,279,Xa Thu Phu,10228,Xa,2.496,2.599,"6,486","1,773","1,734","1,930","1,799","1,799","1,766"
Thanh pho Ha Noi,1,Huyen Thuong Tin,279,Xa Nguyen Trai,10231,Xa,5.974,1.63,"9,739","2,463","2,620","3,004","2,963","2,963","2,941"
Thanh pho Ha Noi,1,Huyen Thuong Tin,279,Xa Quat Dong,10234,Xa,4.848,1.739,"8,432","2,044","2,283","2,590","2,413","2,413","2,413"
Thanh pho Ha Noi,1,Huyen Thuong Tin,279,Xa Chuong Duong,10237,Xa,4.198,1.287,"5,403","1,409","1,408","1,599","1,537","1,537","1,504"
Thanh pho Ha Noi,1,Huyen Thuong Tin,279,Xa Tan Minh,10240,Xa,6.178,1.498,"9,255","2,385","2,501","2,775","2,577","2,577","2,557"
Thanh pho Ha Noi,1,Huyen Thuong Tin,279,Xa Le Loi,10243,Xa,5.06,1.606,"8,125","2,110","2,240","2,534","2,065","2,065","2,050"
Thanh pho Ha Noi,1,Huyen Thuong Tin,279,Xa Thang Loi,10246,Xa,5.999,1.599,"9,592","2,267","2,585","2,921","2,673","2,673","2,655"
Thanh pho Ha Noi,1,Huyen Thuong Tin,279,Xa Dung Tien,10249,Xa,6.217,1.378,"8,568","2,007","2,310","2,722","2,618","2,618","2,610"
Thanh pho Ha Noi,1,Huyen Thuong Tin,279,Xa Thong Nhat,10252,Xa,4.925,1.47,"7,238","1,844","1,874","2,193","2,087","2,087","2,070"
Thanh pho Ha Noi,1,Huyen Thuong Tin,279,Xa Nghiem Xuyen,10255,Xa,5.711,1.072,"6,125","1,425","1,620","1,858","1,897","1,897","1,897"
Thanh pho Ha Noi,1,Huyen Thuong Tin,279,Xa To Hieu,10258,Xa,5.536,2.237,"12,383","3,095","3,443","3,752","3,655","3,655","3,655"
Thanh pho Ha Noi,1,Huyen Thuong Tin,279,Xa Van Tu,10261,Xa,5.171,1.838,"9,502","2,426","2,662","2,921","2,845","2,845","2,827"
Thanh pho Ha Noi,1,Huyen Thuong Tin,279,Xa Van Diem,10264,Xa,3.059,2.654,"8,117","2,109","2,242","2,464","2,310","2,310","2,297"
Thanh pho Ha Noi,1,Huyen Thuong Tin,279,Xa Minh Cuong,10267,Xa,4.699,2.029,"9,535","2,203","2,564","3,041","2,812","2,812","2,812"
Thanh pho Ha Noi,1,Huyen Phu Xuyen,280,Thi tran Phu Minh,10270,Thi tran,1.218,4.384,"5,340","1,247","1,426","1,610","1,638","1,638","1,633"
Thanh pho Ha Noi,1,Huyen Phu Xuyen,280,Thi tran Phu Xuyen,10273,Thi tran,6.857,1.65,"11,311","2,760","2,988","3,451","3,526","3,526","3,514"
Thanh pho Ha Noi,1,Huyen Phu Xuyen,280,Xa Hong Minh,10276,Xa,5.894,1.467,"8,648","2,194","2,368","2,671","2,367","2,367","2,361"
Thanh pho Ha Noi,1,Huyen Phu Xuyen,280,Xa Phuong Duc,10279,Xa,6.538,1.456,"9,518","2,354","2,569","2,955","2,731","2,731","2,717"
Thanh pho Ha Noi,1,Huyen Phu Xuyen,280,Xa Van Nhan,10282,Xa,3.299,1.822,"6,010","1,412","1,608","1,814","1,767","1,767","1,756"
Thanh pho Ha Noi,1,Huyen Phu Xuyen,280,Xa Thuy Phu,10285,Xa,3.198,0.844,"2,699",578,654,733,896,896,890
Thanh pho Ha Noi,1,Huyen Phu Xuyen,280,Xa Tri Trung,10288,Xa,3.616,1.223,"4,423",944,"1,195","1,408","1,230","1,230","1,228"
Thanh pho Ha Noi,1,Huyen Phu Xuyen,280,Xa Dai Thang,10291,Xa,4.095,1.598,"6,543","1,526","1,787","2,162","1,941","1,941","1,935"
Thanh pho Ha Noi,1,Huyen Phu Xuyen,280,Xa Phu Tuc,10294,Xa,7.865,1.172,"9,215","2,184","2,577","3,058","2,651","2,651","2,642"
Thanh pho Ha Noi,1,Huyen Phu Xuyen,280,Xa Van Hoang,10297,Xa,6.073,1.207,"7,329","1,833","1,962","2,297","1,812","1,812","1,812"
Thanh pho Ha Noi,1,Huyen Phu Xuyen,280,Xa Hong Thai,10300,Xa,8.976,0.865,"7,767","1,663","2,028","2,383","2,131","2,131","2,131"
Thanh pho Ha Noi,1,Huyen Phu Xuyen,280,Xa Hoang Long,10303,Xa,10.602,0.983,"10,425","2,320","2,846","3,252","2,954","2,954","2,952"
Thanh pho Ha Noi,1,Huyen Phu Xuyen,280,Xa Quang Trung,10306,Xa,3.799,1.154,"4,385",882,"1,207","1,388","1,492","1,492","1,487"
Thanh pho Ha Noi,1,Huyen Phu Xuyen,280,Xa Nam Phong,10309,Xa,3.74,1.44,"5,386","1,125","1,452","1,592","1,591","1,591","1,586"
Thanh pho Ha Noi,1,Huyen Phu Xuyen,280,Xa Nam Trieu,10312,Xa,6.062,1.099,"6,661","1,429","1,804","2,012","2,068","2,068","2,053"
Thanh pho Ha Noi,1,Huyen Phu Xuyen,280,Xa Tan Dan,10315,Xa,7.552,1.273,"9,615","2,288","2,673","3,115","2,510","2,510","2,331"
Thanh pho Ha Noi,1,Huyen Phu Xuyen,280,Xa Son Ha,10318,Xa,3.54,1.604,"5,676","1,393","1,559","1,829","1,760","1,760","1,755"
Thanh pho Ha Noi,1,Huyen Phu Xuyen,280,Xa Chuyen My,10321,Xa,7.929,1.281,"10,154","2,547","2,713","3,161","2,871","2,871","2,851"
Thanh pho Ha Noi,1,Huyen Phu Xuyen,280,Xa Khai Thai,10324,Xa,9.491,0.871,"8,265","1,724","2,184","2,520","2,459","2,459","2,443"
Thanh pho Ha Noi,1,Huyen Phu Xuyen,280,Xa Phuc Tien,10327,Xa,7.267,1.272,"9,244","2,125","2,541","2,860","2,904","2,904","2,869"
Thanh pho Ha Noi,1,Huyen Phu Xuyen,280,Xa Van Tu,10330,Xa,6.472,0.858,"5,556","1,269","1,500","1,711","1,714","1,714","1,703"
Thanh pho Ha Noi,1,Huyen Phu Xuyen,280,Xa Tri Thuy,10333,Xa,5.693,1.764,"10,040","2,551","2,696","3,135","3,079","3,079","3,070"
Thanh pho Ha Noi,1,Huyen Phu Xuyen,280,Xa Dai Xuyen,10336,Xa,9.174,0.949,"8,708","2,016","2,331","2,616","2,799","2,799","2,793"
Thanh pho Ha Noi,1,Huyen Phu Xuyen,280,Xa Phu Yen,10339,Xa,4.196,1.331,"5,586","1,417","1,493","1,714","1,643","1,643","1,635"
Thanh pho Ha Noi,1,Huyen Phu Xuyen,280,Xa Bach Ha,10342,Xa,5.915,1.135,"6,711","1,546","1,751","1,966","2,244","2,244","2,232"
Thanh pho Ha Noi,1,Huyen Phu Xuyen,280,Xa Quang Lang,10345,Xa,6.083,0.886,"5,389","1,337","1,389","1,621","1,539","1,539","1,530"
Thanh pho Ha Noi,1,Huyen Phu Xuyen,280,Xa Chau Can,10348,Xa,8.282,1.219,"10,092","2,626","2,592","2,994","2,754","2,754","2,736"
Thanh pho Ha Noi,1,Huyen Phu Xuyen,280,Xa Minh Tan,10351,Xa,8.005,1.66,"13,288","3,174","3,514","4,080","4,373","4,373","4,370"
Thanh pho Ha Noi,1,Huyen Ung Hoa,281,Thi tran Van Dinh,10354,Thi tran,5.62,2.552,"14,340","3,395","3,834","4,323","3,852","3,852","3,838"
Thanh pho Ha Noi,1,Huyen Ung Hoa,281,Xa Vien An,10357,Xa,4.67,1.582,"7,388","1,727","1,968","2,250","1,840","1,840","1,832"
Thanh pho Ha Noi,1,Huyen Ung Hoa,281,Xa Vien Noi,10360,Xa,4.49,0.98,"4,402",986,"1,108","1,309","1,385","1,385","1,377"
Thanh pho Ha Noi,1,Huyen Ung Hoa,281,Xa Hoa Son,10363,Xa,6.7,1.111,"7,443","1,871","1,944","2,335","2,112","2,112","2,087"
Thanh pho Ha Noi,1,Huyen Ung Hoa,281,Xa Quang Phu Cau,10366,Xa,8.61,1.445,"12,443","2,973","3,397","3,872","3,914","3,914","3,894"
Thanh pho Ha Noi,1,Huyen Ung Hoa,281,Xa Truong Thinh,10369,Xa,5.81,1.249,"7,254","1,752","1,953","2,273","1,950","1,950","1,934"
Thanh pho Ha Noi,1,Huyen Ung Hoa,281,Xa Cao Thanh,10372,Xa,3.88,1.052,"4,081",861,"1,026","1,157","1,268","1,268","1,264"
Thanh pho Ha Noi,1,Huyen Ung Hoa,281,Xa Lien Bat,10375,Xa,8.1,0.881,"7,138","1,647","1,896","2,157","1,867","1,867","1,844"
Thanh pho Ha Noi,1,Huyen Ung Hoa,281,Xa Son Cong,10378,Xa,6.52,0.932,"6,077","1,392","1,568","1,855","1,577","1,577","1,570"
Thanh pho Ha Noi,1,Huyen Ung Hoa,281,Xa Dong Tien,10381,Xa,6.6,1.172,"7,732","1,994","2,072","2,339","1,987","1,987","1,967"
Thanh pho Ha Noi,1,Huyen Ung Hoa,281,Xa Phuong Tu,10384,Xa,10.52,1.248,"13,125","3,233","3,509","4,155","3,401","3,401","3,372"
Thanh pho Ha Noi,1,Huyen Ung Hoa,281,Xa Trung Tu,10387,Xa,9.86,0.789,"7,775","1,707","2,025","2,415","2,066","2,066","2,040"
Thanh pho Ha Noi,1,Huyen Ung Hoa,281,Xa Dong Tan,10390,Xa,6.4,0.959,"6,138","1,338","1,732","1,893","1,777","1,777","1,769"
Thanh pho Ha Noi,1,Huyen Ung Hoa,281,Xa Tao Duong Van,10393,Xa,8.53,0.826,"7,049","1,581","1,859","2,220","1,810","1,810","1,806"
Thanh pho Ha Noi,1,Huyen Ung Hoa,281,Xa Van Thai,10396,Xa,5.96,1.751,"10,434","2,484","2,819","3,324","2,727","2,727","2,701"
Thanh pho Ha Noi,1,Huyen Ung Hoa,281,Xa Minh Duc,10399,Xa,8.69,0.653,"5,671","1,366","1,492","1,741","1,757","1,757","1,736"
Thanh pho Ha Noi,1,Huyen Ung Hoa,281,Xa Hoa Lam,10402,Xa,9.49,0.7,"6,644","1,387","1,768","2,242","1,748","1,748","1,742"
Thanh pho Ha Noi,1,Huyen Ung Hoa,281,Xa Hoa Xa,10405,Xa,2.2,1.967,"4,328","1,007","1,116","1,210","1,224","1,224","1,217"
Thanh pho Ha Noi,1,Huyen Ung Hoa,281,Xa Tram Long,10408,Xa,7.17,0.66,"4,733",957,"1,262","1,588","1,364","1,364","1,350"
Thanh pho Ha Noi,1,Huyen Ung Hoa,281,Xa Kim Duong,10411,Xa,8.7,0.806,"7,008","1,578","1,887","2,200","2,072","2,072","2,028"
Thanh pho Ha Noi,1,Huyen Ung Hoa,281,Xa Hoa Nam,10414,Xa,4.29,2.558,"10,975","2,664","3,012","3,517","2,804","2,804","2,786"
Thanh pho Ha Noi,1,Huyen Ung Hoa,281,Xa Hoa Phu,10417,Xa,6.37,1.173,"7,473","1,694","2,011","2,318","1,912","1,912","1,903"
Thanh pho Ha Noi,1,Huyen Ung Hoa,281,Xa Doi Binh,10420,Xa,7.89,1.054,"8,313","1,986","2,201","2,661","2,141","2,141","2,134"
Thanh pho Ha Noi,1,Huyen Ung Hoa,281,Xa Dai Hung,10423,Xa,4.88,1.045,"5,099","1,160","1,382","1,604","1,447","1,447","1,440"
Thanh pho Ha Noi,1,Huyen Ung Hoa,281,Xa Dong Lo,10426,Xa,7.61,0.774,"5,889","1,378","1,566","1,790","1,629","1,629","1,623"
Thanh pho Ha Noi,1,Huyen Ung Hoa,281,Xa Phu Luu,10429,Xa,4.65,1.237,"5,751","1,266","1,539","1,856","1,542","1,542","1,527"
Thanh pho Ha Noi,1,Huyen Ung Hoa,281,Xa Dai Cuong,10432,Xa,4.92,0.964,"4,742","1,030","1,257","1,437","1,323","1,323","1,317"
Thanh pho Ha Noi,1,Huyen Ung Hoa,281,Xa Luu Hoang,10435,Xa,3.84,1.335,"5,125","1,097","1,428","1,644","1,421","1,421","1,414"
Thanh pho Ha Noi,1,Huyen Ung Hoa,281,Xa Hong Quang,10438,Xa,5.21,1.209,"6,299","1,312","1,667","1,974","2,011","2,011","2,010"
Thanh pho Ha Noi,1,Huyen My Duc,282,Thi tran Dai Nghia,10441,Thi tran,4.955,1.618,"8,015","1,915","2,178","2,529","1,393","2,177","2,166"
Thanh pho Ha Noi,1,Huyen My Duc,282,Xa Dong Tam,10444,Xa,8.416,1.124,"9,459","2,416","2,563","2,927","1,553","2,614","2,601"
Thanh pho Ha Noi,1,Huyen My Duc,282,Xa Thuong Lam,10447,Xa,6.543,0.969,"6,337","1,776","1,657","1,877","1,027","1,748","1,748"
Thanh pho Ha Noi,1,Huyen My Duc,282,Xa Tuy Lai,10450,Xa,20.477,0.667,"13,658","3,578","3,683","4,311","2,086","3,468","3,444"
Thanh pho Ha Noi,1,Huyen My Duc,282,Xa Phuc Lam,10453,Xa,4.904,1.796,"8,808","2,347","2,380","2,643","1,438","2,193","2,186"
Thanh pho Ha Noi,1,Huyen My Duc,282,Xa My Thanh,10456,Xa,3.89,0.967,"3,763",871,975,"1,199",718,"1,048","1,043"
Thanh pho Ha Noi,1,Huyen My Duc,282,Xa Bot Xuyen,10459,Xa,5.809,1.401,"8,138","2,002","2,158","2,492","1,486","2,286","2,278"
Thanh pho Ha Noi,1,Huyen My Duc,282,Xa An My,10462,Xa,6.066,0.985,"5,976","1,544","1,510","1,760","1,162","1,758","1,730"
Thanh pho Ha Noi,1,Huyen My Duc,282,Xa Hong Son,10465,Xa,17.04,0.468,"7,977","1,897","2,145","2,640","1,295","1,970","1,962"
Thanh pho Ha Noi,1,Huyen My Duc,282,Xa Le Thanh,10468,Xa,7.57,1.687,"12,770","3,473","3,418","4,008","1,871","3,085","3,048"
Thanh pho Ha Noi,1,Huyen My Duc,282,Xa Xuy Xa,10471,Xa,5.333,1.795,"9,575","2,700","2,630","3,002","1,243","2,559","2,546"
Thanh pho Ha Noi,1,Huyen My Duc,282,Xa Phung Xa,10474,Xa,4.413,1.854,"8,181","2,013","2,202","2,478","1,488","2,264","2,247"
Thanh pho Ha Noi,1,Huyen My Duc,282,Xa Phu Luu Te,10477,Xa,6.709,1.212,"8,132","2,068","2,120","2,368","1,576","2,354","2,335"
Thanh pho Ha Noi,1,Huyen My Duc,282,Xa Dai Hung,10480,Xa,6.987,1.071,"7,486","1,647","2,021","2,323","1,495","2,124","2,101"
Thanh pho Ha Noi,1,Huyen My Duc,282,Xa Van Kim,10483,Xa,6.169,1.103,"6,804","1,619","1,717","2,096","1,372","2,055","2,032"
Thanh pho Ha Noi,1,Huyen My Duc,282,Xa Doc Tin,10486,Xa,3.447,1.31,"4,515",970,"1,266","1,396",883,"1,355","1,348"
Thanh pho Ha Noi,1,Huyen My Duc,282,Xa Huong Son,10489,Xa,40.894,0.509,"20,806","4,919","5,773","6,717","3,397","5,961","5,939"
Thanh pho Ha Noi,1,Huyen My Duc,282,Xa Hung Tien,10492,Xa,8.831,0.852,"7,528","1,838","2,017","2,411","1,262","2,109","2,090"
Thanh pho Ha Noi,1,Huyen My Duc,282,Xa An Tien,10495,Xa,9.781,0.7,"6,846","1,805","1,844","2,198",999,"1,959","1,958"
Thanh pho Ha Noi,1,Huyen My Duc,282,Xa Hop Tien,10498,Xa,14.181,0.992,"14,071","3,652","3,869","4,566","1,984","3,634","3,619"
Thanh pho Ha Noi,1,Huyen My Duc,282,Xa Hop Thanh,10501,Xa,11.006,1.106,"12,172","3,237","3,314","3,933","1,688","2,900","2,845"
Thanh pho Ha Noi,1,Huyen My Duc,282,Xa An Phu,10504,Xa,22.83,0.389,"8,884","2,455","2,466","2,922","1,041","2,145","2,145"
